cell_id,n_calibration_full,n_test,main_fraction,main_test_risk,fixed20_iou,fixed20_risk,mean_test_atoms,median_test_atoms,mean_test_rationale_fraction,median_test_rationale_fraction,cal_seconds,test_seconds,peak_vram_mib,total_seconds,family,task,model,fraction_grid,mean_atom_fraction,random_mean_atom_fraction,atom_fraction_saving_vs_random,test_risk,test_auroc,oracle_fraction,oracle_calibration_risk,oracle_corrected_risk,oracle_n_calibration_rationale,oracle_test_risk,oracle_test_mean_atom_fraction,oracle_test_median_atom_fraction,oracle_test_precision,oracle_test_iou,oracle_n_test_rationale,excess_grid_fraction,excess_realized_atom_fraction
bxaic__B__gin__seed42,119,109,0.01,0.0290519877675841,0.1864537877027905,0.0,32.42201834862385,27.0,0.0406208913174478,0.0384615384615384,10.058060500072315,13.379937799996696,20.72216796875,23.44412130001001,bxaic,B,gin,0.01,0.0386003571497199,0.9109252060222288,0.8723248488725088,0.0290519877675841,1.0,0.01,0.0126050420168067,0.0208333333333333,119,0.0290519877675841,0.0386003571497199,0.037037037037037,0.9908256880733946,0.9617737003058104,109,0.0,0.0
bxaic__B__gcn__seed42,119,109,0.01,0.0290519877675841,0.1864537877027905,0.0,32.42201834862385,27.0,0.0406208913174478,0.0384615384615384,12.835686700069346,11.360680900048465,20.2138671875,24.20705339999404,bxaic,B,gcn,0.01,0.0386003571497199,0.9109252060222288,0.8723248488725088,0.0290519877675841,1.0,0.01,0.0126050420168067,0.0208333333333333,119,0.0290519877675841,0.0386003571497199,0.037037037037037,0.9908256880733946,0.9617737003058104,109,0.0,0.0
bxaic__P__gin__seed42,657,638,0.02,0.1097649062474804,0.2036743849980004,0.0,39.93887147335423,32.0,0.0438526013322088,0.037037037037037,10.222833100007849,7.66683090000879,20.72216796875,17.909497900051065,bxaic,P,gin,0.02,0.0365457382575857,0.9274815943093282,0.8909358560517425,0.1097649062474804,1.0,0.02,0.0919435326365221,0.0933235576629104,657,0.1097649062474804,0.0365457382575857,0.0333333333333333,0.961206896551724,0.8514419903042437,638,0.0,0.0
bxaic__P__gcn__seed42,657,638,0.02,0.1097649062474804,0.2036743849980004,0.0,39.93887147335423,32.0,0.0438526013322088,0.037037037037037,12.082017199951224,18.24520260002464,20.2138671875,30.34971590002533,bxaic,P,gcn,0.02,0.0365457382575857,0.9274815943093282,0.8909358560517425,0.1097649062474804,1.0,0.02,0.0919435326365221,0.0933235576629104,657,0.1097649062474804,0.0365457382575857,0.0333333333333333,0.961206896551724,0.8514419903042437,638,0.0,0.0
bxaic__X__gin__seed42,2764,2822,0.05,0.0921681122248096,0.2838077320570864,0.0013928262067879,31.212260807937632,29.0,0.0617990472821435,0.0454545454545454,10.256676199962383,8.997298399917781,20.72216796875,19.357688899966888,bxaic,X,gin,0.05,0.0681479369393897,0.9087783882831856,0.8406304513437959,0.0921681122248096,0.9998909415391308,0.05,0.0917232329497163,0.0920517236430439,2764,0.0921681122248096,0.0681479369393897,0.0666666666666666,0.7275108622380061,0.6353427500131965,2822,0.0,0.0
bxaic__X__gcn__seed42,2764,2822,0.05,0.0921681122248096,0.2838077320570864,0.0013928262067879,31.212260807937632,29.0,0.0617990472821435,0.0454545454545454,18.05618680000771,10.623424100107512,20.2138671875,28.754577600047924,bxaic,X,gcn,0.05,0.0681479369393897,0.9087783882831856,0.8406304513437959,0.0921681122248096,1.0,0.05,0.0917232329497163,0.0920517236430439,2764,0.0921681122248096,0.0681479369393897,0.0666666666666666,0.7275108622380061,0.6353427500131965,2822,0.0,0.0
bxaic__indole__gin__seed42,1887,1847,0.67,0.0980146445224951,0.4019287912623642,0.5002795979311951,40.09745533297239,31.0,0.3140161392502071,0.3,13.699343499960378,7.369337099953555,20.72216796875,21.12417900003493,bxaic,indole,gin,0.67,0.6886269315023926,0.90726752777742,0.2186405962750274,0.0980146445224951,0.9920397564716004,0.3,0.0940243410831646,0.0945042010719985,1887,0.0889923715519275,0.3145430447201606,0.3125,0.8595613870904957,0.770569015538568,1847,0.37000000000000005,0.37408388678223203
bxaic__indole__gcn__seed42,1887,1847,0.68,0.0951195979620451,0.2218168036167488,0.6860680945615976,40.09745533297239,31.0,0.3140161392502071,0.3,11.877011599950492,15.810173099976964,20.2138671875,27.781693099997938,bxaic,indole,gcn,0.68,0.6955214960377726,0.90726752777742,0.2117460317396474,0.0951195979620451,0.93217358922,0.3,0.0940243410831646,0.0945042010719985,1887,0.0889923715519275,0.3145430447201606,0.3125,0.8595613870904957,0.770569015538568,1847,0.38000000000000006,0.380978451317612
bxaic__PAINS__gin__seed42,1625,1644,0.84,0.10021768040983,0.3609635570361391,0.5603485757426134,30.128345498783457,28.0,0.3429300273211182,0.3333333333333333,10.74555180000607,13.461656599887649,20.72216796875,24.73855170002207,bxaic,PAINS,gin,0.84,0.8573713715364746,0.8975096610559893,0.0401382895195147,0.10021768040983,0.9708294806386224,0.33,0.0970065433873721,0.0975618899166544,1625,0.096300381249768,0.3455370467368918,0.3448275862068966,0.8426985280421067,0.7463981467923387,1644,0.51,0.5118343247995828
bxaic__PAINS__gcn__seed42,1625,1644,0.89,0.0973045327452572,0.1926313337753806,0.7380470693190322,30.128345498783457,28.0,0.3429300273211182,0.3333333333333333,11.368178499978969,12.229550699936226,20.2138671875,23.667098599951714,bxaic,PAINS,gcn,0.89,0.9091218677307265,0.8975096610559893,-0.011612206674737,0.0973045327452572,0.8713432034839238,0.33,0.0970065433873721,0.0975618899166544,1625,0.096300381249768,0.3455370467368918,0.3448275862068966,0.8426985280421067,0.7463981467923387,1644,0.56,0.5635848209938347
bxaic__rings-count__gin__seed42,4935,4933,0.9,0.0941799224407364,0.098294941523063,0.8970288044289497,34.77620109466856,29.0,0.6409435890524521,0.6666666666666666,8.97946290008258,9.306831199908627,20.72216796875,18.50442919996567,bxaic,rings-count,gin,0.9,0.915205996412866,0.9084471118578896,-0.0067588845549763,0.0941799224407364,0.9993076394883764,0.61,0.0897761368023761,0.0899605419610463,4935,0.0878035646403933,0.6277794572679153,0.625,0.9099283223771736,0.8221247577367802,4933,0.29000000000000004,0.28742653914495075
bxaic__rings-count__gcn__seed42,4935,4933,0.89,0.099682117926628,0.1364129720590553,0.846805283249323,34.77620109466856,29.0,0.6409435890524521,0.6666666666666666,16.54494509997312,11.960280300001614,20.2138671875,28.654283299925737,bxaic,rings-count,gcn,0.89,0.9084471118578896,0.9084471118578896,0.0,0.099682117926628,0.9397164861733436,0.61,0.0897761368023761,0.0899605419610463,4935,0.0878035646403933,0.6277794572679153,0.625,0.9099283223771736,0.8221247577367802,4933,0.28,0.28066765458997434
bxaic__rings-max__gin__seed42,297,277,0.93,0.0999492544118747,0.0915750778744007,0.8531747384748546,62.631768953068594,40.0,0.2695864100324637,0.2645161290322581,11.717171699972823,9.649755800026467,20.72216796875,21.379679100005887,bxaic,rings-max,gin,0.93,0.9416332553306368,0.9101407650316404,-0.0314924902989964,0.0999492544118747,0.8883966593118928,0.27,0.092375908116417,0.0954216265455565,297,0.0738238696253051,0.2818605783877526,0.2777777777777778,0.8519411004996686,0.7781172308743637,277,0.66,0.6597726769428842
bxaic__rings-max__gcn__seed42,297,277,0.92,0.0874985845798144,0.2709681124301318,0.6351818929003887,62.631768953068594,40.0,0.2695864100324637,0.2645161290322581,14.260280100046655,14.145041099982336,20.2138671875,28.41862799995579,bxaic,rings-max,gcn,0.92,0.93310042311993,0.9101407650316404,-0.0229596580882895,0.0874985845798144,0.7570011789044905,0.27,0.092375908116417,0.0954216265455565,297,0.0738238696253051,0.2818605783877526,0.2777777777777778,0.8519411004996686,0.7781172308743637,277,0.65,0.6512398447321774
google__benzene__gin__seed42,1000,999,0.73,0.1022534439201105,0.2379866092929388,0.7007384368495478,21.964964964964963,23.0,0.3729746351418178,0.3,2.9112628999864683,3.476330399978906,18.6904296875,6.428213900071569,google,benzene,gin,0.73,0.7551707536987445,0.9031661198214196,0.147995366122675,0.1022534439201105,0.9731884731884732,0.35,0.0980833333333333,0.0989843489843489,1000,0.1032913866247199,0.3760250504552863,0.375,0.8376114209447543,0.7343200343200343,999,0.38,0.37914570324345825
google__benzene__gcn__seed42,1000,999,0.47,0.1028022069688736,0.5049393301414286,0.4672577339244005,21.964964964964963,23.0,0.3729746351418178,0.3,4.021850000019185,4.5153572000563145,18.4560546875,8.570914899930358,google,benzene,gcn,0.47,0.4897098308181002,0.9031661198214196,0.4134562890033193,0.1028022069688736,0.9302719302719304,0.35,0.0980833333333333,0.0989843489843489,1000,0.1032913866247199,0.3760250504552863,0.375,0.8376114209447543,0.7343200343200343,999,0.12,0.11368478036281393
google__logic7__gin__seed42,66,47,0.74,0.091691995947315,0.3196470786896318,0.4981509625126647,21.680851063829788,22.0,0.196816600051579,0.1904761904761904,2.151216300087981,1.2142530999844894,18.71337890625,3.36942830006592,google,logic7,gin,0.74,0.7666275550759587,0.8983233285789827,0.1316957735030239,0.091691995947315,0.9656375708815974,0.19,0.0828463203463203,0.0965351812366737,66,0.044756838905775,0.2134990913272832,0.2105263157894736,0.8617021276595743,0.8169452887537995,47,0.55,0.5531284637486755
google__logic7__gcn__seed42,66,47,0.56,0.0679331306990881,0.4273471800067544,0.3614488348530901,21.680851063829788,22.0,0.196816600051579,0.1904761904761904,1.517632000031881,1.0985206000041217,18.47900390625,2.6192395999096334,google,logic7,gcn,0.56,0.584373580750989,0.8983233285789827,0.3139497478279937,0.0679331306990881,0.9671400184170988,0.19,0.0828463203463203,0.0965351812366737,66,0.044756838905775,0.2134990913272832,0.2105263157894736,0.8617021276595743,0.8169452887537995,47,0.37000000000000005,0.3708744894237058
google__logic8__gin__seed42,269,184,0.86,0.090565201706506,0.2257356622845753,0.6873556998556999,21.847826086956523,22.5,0.3053538395099064,0.28,2.181202400010079,1.3191132999490949,18.76123046875,3.508372399955988,google,logic8,gin,0.86,0.8816677529892157,0.9154662190660858,0.03379846607687,0.090565201706506,0.9017888875725626,0.27,0.0932908273056972,0.0966490094267872,269,0.0919915380513206,0.2909041702993742,0.2916666666666667,0.9117494824016564,0.8197579443503354,184,0.59,0.5907635826898415
google__logic8__gcn__seed42,269,184,0.96,0.0272541015747537,0.2693729579599145,0.6409592822636301,21.847826086956523,22.5,0.3053538395099064,0.28,3.415004500071518,2.5758183000143617,18.5234375,5.999746699933894,google,logic8,gcn,0.96,0.991304347826087,0.9154662190660858,-0.0758381287600011,0.0272541015747537,0.773693875133278,0.27,0.0932908273056972,0.0966490094267872,269,0.0919915380513206,0.2909041702993742,0.2916666666666667,0.9117494824016564,0.8197579443503354,184,0.69,0.7004001775267128
google__logic10__gin__seed42,192,112,0.87,0.0914248326078683,0.1536069370009689,0.8105648815470244,21.419642857142858,22.0,0.4953679494352989,0.4761904761904761,3.680944399908185,2.484431999968365,18.7685546875,6.173381199943833,google,logic10,gin,0.87,0.8955752374760533,0.9043177969998628,0.0087425595238096,0.0914248326078683,0.9550966827804634,0.41,0.0829109790162179,0.0876627356016261,192,0.1098119886066314,0.434170783989253,0.4347826086956521,0.9902597402597404,0.8804477516531088,112,0.46,0.46140445348680026
google__logic10__gcn__seed42,192,112,0.63,0.1044853212263926,0.2040853535470132,0.759926345975453,21.419642857142858,22.0,0.4953679494352989,0.4761904761904761,5.249637400032952,3.401703600073233,18.5341796875,8.66042899992317,google,logic10,gcn,0.63,0.6531162069280754,0.9043177969998628,0.2512015900717875,0.1044853212263926,0.864508668111352,0.41,0.0829109790162179,0.0876627356016261,192,0.1098119886066314,0.434170783989253,0.4347826086956521,0.9902597402597404,0.8804477516531088,112,0.22000000000000003,0.21894542293882235
