cell_id,family,task,model,seed,explainer,predictor_competence_pass,test_auroc,n_calibration_rationale,n_test_rationale,fraction_grid,test_risk,mean_atom_fraction,precision,iou,random_test_risk,random_mean_atom_fraction,atom_fraction_saving_vs_random,fixed20_risk,fixed50_risk,risk_pass,efficiency_pass
bxaic__B__gcn__seed123,bxaic,B,gcn,123,gradinput,True,1.0,119,109,0.01,0.029051987767584102,0.03860035714971998,0.9908256880733946,0.9617737003058103,0.13302752293577982,0.9109252060222288,0.8723248488725088,0.0,0.0,True,True
bxaic__B__gcn__seed123,bxaic,B,gcn,123,ig,True,1.0,119,109,0.01,0.029051987767584102,0.03860035714971998,0.9908256880733946,0.9617737003058103,0.13302752293577982,0.9109252060222288,0.8723248488725088,0.0,0.0,True,True
bxaic__B__gcn__seed2026,bxaic,B,gcn,2026,gradinput,True,1.0,119,109,0.01,0.029051987767584102,0.03860035714971998,0.9908256880733946,0.9617737003058103,0.11314984709480123,0.8893335038811342,0.8507331467314142,0.0,0.0,True,True
bxaic__B__gcn__seed2026,bxaic,B,gcn,2026,ig,True,1.0,119,109,0.01,0.029051987767584102,0.03860035714971998,0.9908256880733946,0.9617737003058103,0.11314984709480123,0.8893335038811342,0.8507331467314142,0.0,0.0,True,True
bxaic__B__gcn__seed42,bxaic,B,gcn,42,gradinput,True,0.9999999999999999,119,109,0.01,0.029051987767584102,0.03860035714971998,0.9908256880733946,0.9617737003058103,0.09174311926605505,0.9109252060222288,0.8723248488725088,0.0,0.0,True,True
bxaic__B__gcn__seed42,bxaic,B,gcn,42,ig,True,0.9999999999999999,119,109,0.01,0.029051987767584102,0.03860035714971998,0.9908256880733946,0.9617737003058103,0.09174311926605505,0.9109252060222288,0.8723248488725088,0.0,0.0,True,True
bxaic__B__gin__seed123,bxaic,B,gin,123,gradinput,True,1.0,119,109,0.01,0.029051987767584102,0.03860035714971998,0.9908256880733946,0.9617737003058103,0.13302752293577982,0.9109252060222288,0.8723248488725088,0.0,0.0,True,True
bxaic__B__gin__seed123,bxaic,B,gin,123,ig,True,1.0,119,109,0.01,0.029051987767584102,0.03860035714971998,0.9908256880733946,0.9617737003058103,0.13302752293577982,0.9109252060222288,0.8723248488725088,0.0,0.0,True,True
bxaic__B__gin__seed2026,bxaic,B,gin,2026,gradinput,True,1.0,119,109,0.01,0.029051987767584102,0.03860035714971998,0.9908256880733946,0.9617737003058103,0.11314984709480123,0.8893335038811342,0.8507331467314142,0.0,0.0,True,True
bxaic__B__gin__seed2026,bxaic,B,gin,2026,ig,True,1.0,119,109,0.01,0.029051987767584102,0.03860035714971998,0.9908256880733946,0.9617737003058103,0.11314984709480123,0.8893335038811342,0.8507331467314142,0.0,0.0,True,True
bxaic__B__gin__seed42,bxaic,B,gin,42,gradinput,True,1.0,119,109,0.01,0.029051987767584102,0.03860035714971998,0.9908256880733946,0.9617737003058103,0.09174311926605505,0.9109252060222288,0.8723248488725088,0.0,0.0,True,True
bxaic__B__gin__seed42,bxaic,B,gin,42,ig,True,1.0,119,109,0.01,0.029051987767584102,0.03860035714971998,0.9908256880733946,0.9617737003058103,0.09174311926605505,0.9109252060222288,0.8723248488725088,0.0,0.0,True,True
bxaic__indole__gcn__seed123,bxaic,indole,gcn,123,gradinput,True,0.9306767868872283,1887,1847,0.8300000000000001,0.09772876089199861,0.8468982391419475,0.33408729227598327,0.3214103922293006,0.09448458808231415,0.90726752777742,0.06036928863547253,0.543909735815529,0.20396658475976293,True,False
bxaic__indole__gcn__seed123,bxaic,indole,gcn,123,ig,True,0.9306767868872283,1887,1847,0.76,0.09413712002369287,0.7755804835294008,0.3656777795867114,0.3508058121191153,0.09448458808231415,0.90726752777742,0.13168704424801925,0.596825548321217,0.20115890170708797,True,True
bxaic__indole__gcn__seed2026,bxaic,indole,gcn,2026,gradinput,True,0.9362490002995667,1887,1847,0.87,0.0977877037839139,0.886845717303693,0.31902961157020593,0.30732862631320657,0.09570896903733939,0.90726752777742,0.020421810473727042,0.49209833610212605,0.19913714316123635,True,False
bxaic__indole__gcn__seed2026,bxaic,indole,gcn,2026,ig,True,0.9362490002995667,1887,1847,0.71,0.09280763677758809,0.727164883610353,0.3862174933141384,0.36898846172321054,0.09570896903733939,0.90726752777742,0.180102644167067,0.7660225174572767,0.28615838882487504,True,True
bxaic__indole__gcn__seed42,bxaic,indole,gcn,42,gradinput,True,0.93217358922,1887,1847,0.6900000000000001,0.09216024831211624,0.7066609235190675,0.3997637105943275,0.381720920487301,0.09348660798985653,0.90726752777742,0.20060660425835253,0.5872678340328584,0.19969793937038122,True,True
bxaic__indole__gcn__seed42,bxaic,indole,gcn,42,ig,True,0.93217358922,1887,1847,0.68,0.09511959796204518,0.6955214960377726,0.4027538760795683,0.383703439869766,0.09348660798985653,0.90726752777742,0.21174603173964746,0.6860680945615976,0.2462201930596625,True,True
bxaic__indole__gin__seed123,bxaic,indole,gin,123,gradinput,True,0.9953412585644438,1887,1847,0.93,0.09009857750382928,0.9462280636892683,0.3023874583842541,0.29378866586940994,0.09448458808231415,0.90726752777742,-0.038960535911848226,0.7364121498325613,0.49093893308159686,True,False
bxaic__indole__gin__seed123,bxaic,indole,gin,123,ig,True,0.9953412585644438,1887,1847,0.55,0.0965217330945539,0.5656559959354353,0.49334135497789355,0.46567065076521585,0.09448458808231415,0.90726752777742,0.3416115318419848,0.4636693714454949,0.12440438178797683,True,True
bxaic__indole__gin__seed2026,bxaic,indole,gin,2026,gradinput,True,0.9934158904960437,1887,1847,0.96,0.0988452823320176,0.9747994993281845,0.29768996914487983,0.29166631002851645,0.09570896903733939,0.90726752777742,-0.06753197155076451,0.8025839622888892,0.6604160207435789,True,False
bxaic__indole__gin__seed2026,bxaic,indole,gin,2026,ig,True,0.9934158904960437,1887,1847,0.66,0.09508876718541043,0.6771674344541085,0.4150012599111202,0.39468202735221625,0.09570896903733939,0.90726752777742,0.2301000933233115,0.46358453378621217,0.15764902120478733,True,True
bxaic__indole__gin__seed42,bxaic,indole,gin,42,gradinput,True,0.9920397564716004,1887,1847,0.93,0.0921752491527803,0.9462280636892683,0.3024850796968595,0.2939082949413037,0.09348660798985653,0.90726752777742,-0.038960535911848226,0.6863252105130828,0.5270900914241466,True,False
bxaic__indole__gin__seed42,bxaic,indole,gin,42,ig,True,0.9920397564716004,1887,1847,0.67,0.09801464452249513,0.6886269315023926,0.40922584978992593,0.39055677558899315,0.09348660798985653,0.90726752777742,0.2186405962750274,0.5002795979311951,0.18320806281688798,True,True
bxaic__P__gcn__seed123,bxaic,P,gcn,123,gradinput,True,0.9999956870494315,657,638,0.02,0.10976490624748046,0.03654573825758572,0.9612068965517241,0.8514419903042437,0.10577829878032718,0.9155993798160156,0.8790536415584299,0.0,0.0,False,True
bxaic__P__gcn__seed123,bxaic,P,gcn,123,ig,True,0.9999956870494315,657,638,0.02,0.10976490624748046,0.03654573825758572,0.9612068965517241,0.8514419903042437,0.10577829878032718,0.9155993798160156,0.8790536415584299,0.0,0.0,False,True
bxaic__P__gcn__seed2026,bxaic,P,gcn,2026,gradinput,True,1.0,657,638,0.02,0.10976490624748046,0.03654573825758572,0.9612068965517241,0.8514419903042437,0.09115837985236841,0.9084086740208712,0.8718629357632856,0.0,0.0,False,True
bxaic__P__gcn__seed2026,bxaic,P,gcn,2026,ig,True,1.0,657,638,0.02,0.10976490624748046,0.03654573825758572,0.9612068965517241,0.8514419903042437,0.09115837985236841,0.9084086740208712,0.8718629357632856,0.0,0.0,False,True
bxaic__P__gcn__seed42,bxaic,P,gcn,42,gradinput,True,1.0,657,638,0.02,0.10976490624748046,0.03654573825758572,0.9612068965517241,0.8514419903042437,0.07424507848166341,0.9274815943093282,0.8909358560517425,0.0,0.0,False,True
bxaic__P__gcn__seed42,bxaic,P,gcn,42,ig,True,1.0,657,638,0.02,0.10976490624748046,0.03654573825758572,0.9612068965517241,0.8514419903042437,0.07424507848166341,0.9274815943093282,0.8909358560517425,0.0,0.0,False,True
bxaic__P__gin__seed123,bxaic,P,gin,123,gradinput,True,1.0,657,638,0.02,0.11289970248572498,0.03654573825758572,0.9580721003134797,0.8483071940659993,0.10577829878032718,0.9155993798160156,0.8790536415584299,0.0,0.0,False,True
bxaic__P__gin__seed123,bxaic,P,gin,123,ig,True,1.0,657,638,0.02,0.11289970248572498,0.03654573825758572,0.9580721003134797,0.8483071940659993,0.10577829878032718,0.9155993798160156,0.8790536415584299,0.0,0.0,False,True
bxaic__P__gin__seed2026,bxaic,P,gin,2026,gradinput,True,1.0,657,638,0.02,0.10976490624748046,0.03654573825758572,0.9612068965517241,0.8514419903042437,0.09115837985236841,0.9084086740208712,0.8718629357632856,0.0,0.0,False,True
bxaic__P__gin__seed2026,bxaic,P,gin,2026,ig,True,1.0,657,638,0.02,0.10976490624748046,0.03654573825758572,0.9612068965517241,0.8514419903042437,0.09115837985236841,0.9084086740208712,0.8718629357632856,0.0,0.0,False,True
bxaic__P__gin__seed42,bxaic,P,gin,42,gradinput,True,1.0,657,638,0.02,0.11289970248572498,0.03654573825758572,0.9580721003134797,0.8483071940659993,0.07424507848166341,0.9274815943093282,0.8909358560517425,0.0,0.0,False,True
bxaic__P__gin__seed42,bxaic,P,gin,42,ig,True,1.0,657,638,0.02,0.10976490624748046,0.03654573825758572,0.9612068965517241,0.8514419903042437,0.07424507848166341,0.9274815943093282,0.8909358560517425,0.0,0.0,False,True
bxaic__PAINS__gcn__seed123,bxaic,PAINS,gcn,123,gradinput,True,0.8677312795297718,1625,1644,0.89,0.09576963674243961,0.9091218677307263,0.3433532474922704,0.33229304622082867,0.09395207535800404,0.9091218677307263,0.0,0.7280697017416949,0.44668032080968373,True,False
bxaic__PAINS__gcn__seed123,bxaic,PAINS,gcn,123,ig,True,0.8677312795297718,1625,1644,0.86,0.08862644004046176,0.8782821505199192,0.35243900408036327,0.33872561193512424,0.09395207535800404,0.9091218677307263,0.030839717210807138,0.6835458342234673,0.40766855812084307,True,False
bxaic__PAINS__gcn__seed2026,bxaic,PAINS,gcn,2026,gradinput,True,0.8490070019326929,1625,1644,0.88,0.09842741786539667,0.8975096610559893,0.34385010729944726,0.3312258666054371,0.09175601014334178,0.9091218677307263,0.011612206674737058,0.698561848178912,0.4521799891245991,True,False
bxaic__PAINS__gcn__seed2026,bxaic,PAINS,gcn,2026,ig,True,0.8490070019326929,1625,1644,0.8300000000000001,0.09580133570717822,0.8488238590750994,0.3609632802117175,0.34493710985295656,0.09175601014334178,0.9091218677307263,0.060298008655626956,0.6587230921610724,0.3847906348929984,True,False
bxaic__PAINS__gcn__seed42,bxaic,PAINS,gcn,42,gradinput,True,0.8713432034839238,1625,1644,0.89,0.09931977594233815,0.9091218677307263,0.33991158941548744,0.3281042733649751,0.10093109181000556,0.8975096610559893,-0.011612206674737058,0.7555025152584035,0.4813722402160729,True,False
bxaic__PAINS__gcn__seed42,bxaic,PAINS,gcn,42,ig,True,0.8713432034839238,1625,1644,0.89,0.09730453274525726,0.9091218677307263,0.34111928160404065,0.328711801357458,0.10093109181000556,0.8975096610559893,-0.011612206674737058,0.7380470693190322,0.42966137361920786,True,False
bxaic__PAINS__gin__seed123,bxaic,PAINS,gin,123,gradinput,True,0.9693213092997706,1625,1644,0.9400000000000001,0.08501788191653958,0.9576176765857717,0.33552408255820115,0.3286465148796221,0.09395207535800404,0.9091218677307263,-0.04849580885504534,0.7066649470841255,0.4927720862408779,True,False
bxaic__PAINS__gin__seed123,bxaic,PAINS,gin,123,ig,True,0.9693213092997706,1625,1644,0.8,0.09777046625151047,0.8149319138164086,0.37331516964207756,0.3556918886306996,0.09395207535800404,0.9091218677307263,0.09418995391431773,0.608455432735569,0.2804851543959134,True,False
bxaic__PAINS__gin__seed2026,bxaic,PAINS,gin,2026,gradinput,True,0.9674401064612863,1625,1644,0.9400000000000001,0.08382610151860423,0.9576176765857717,0.33517638115298576,0.3282285973504502,0.09175601014334178,0.9091218677307263,-0.04849580885504534,0.7372493281931769,0.5236204325698418,True,False
bxaic__PAINS__gin__seed2026,bxaic,PAINS,gin,2026,ig,True,0.9674401064612863,1625,1644,0.74,0.09635292897676799,0.75809815428355,0.40198990142485685,0.38134996007020266,0.09175601014334178,0.9091218677307263,0.15102371344717636,0.525771004043988,0.22973175481731078,True,True
bxaic__PAINS__gin__seed42,bxaic,PAINS,gin,42,gradinput,True,0.9708294806386225,1625,1644,0.93,0.09759007639426302,0.9485539954456151,0.3323817028493914,0.3235254959569587,0.10093109181000556,0.8975096610559893,-0.051044334389625856,0.7282834695069376,0.5076196001864348,True,False
bxaic__PAINS__gin__seed42,bxaic,PAINS,gin,42,ig,True,0.9708294806386225,1625,1644,0.84,0.10021768040983,0.8573713715364746,0.3568805125034744,0.34109078343254084,0.10093109181000556,0.8975096610559893,0.0401382895195147,0.5603485757426134,0.2760610564427851,False,False
bxaic__rings-count__gcn__seed123,bxaic,rings-count,gcn,123,gradinput,True,0.9099242400020707,4935,4933,0.88,0.0927757386435866,0.8966978540680908,0.6495155359045426,0.6101146792817989,0.0911411795277234,0.9084471118578897,0.011749257789798961,0.8697854017251487,0.5540484587450201,True,False
bxaic__rings-count__gcn__seed123,bxaic,rings-count,gcn,123,ig,True,0.9099242400020707,4935,4933,0.86,0.09718923829231109,0.8772717462941478,0.6593838241892481,0.6160138859771437,0.0911411795277234,0.9084471118578897,0.031175365563741897,0.8741273695395494,0.5467574558266218,True,False
bxaic__rings-count__gcn__seed2026,bxaic,rings-count,gcn,2026,gradinput,True,0.9371398317019659,4935,4933,0.91,0.08525569381922454,0.9282105650069855,0.6334656451120676,0.5991413669066097,0.09132436920126225,0.9084471118578897,-0.019763453149095778,0.8450285891789254,0.5780728039837782,True,False
bxaic__rings-count__gcn__seed2026,bxaic,rings-count,gcn,2026,ig,True,0.9371398317019659,4935,4933,0.89,0.09230346340263443,0.9084471118578897,0.6408107614211386,0.6014790294993325,0.09132436920126225,0.9084471118578897,0.0,0.85208916319805,0.545730307837119,True,False
bxaic__rings-count__gcn__seed42,bxaic,rings-count,gcn,42,gradinput,True,0.9397164861733437,4935,4933,0.89,0.09285890864191253,0.9084471118578897,0.64073363042045,0.6013627524947756,0.09121609378490615,0.9084471118578897,0.0,0.8117740519634347,0.5377069918172457,True,False
bxaic__rings-count__gcn__seed42,bxaic,rings-count,gcn,42,ig,True,0.9397164861733437,4935,4933,0.89,0.09968211792662801,0.9084471118578897,0.6361404579511645,0.5943229360448445,0.09121609378490615,0.9084471118578897,0.0,0.846805283249323,0.5518075953761384,True,False
bxaic__rings-count__gin__seed123,bxaic,rings-count,gin,123,gradinput,True,0.9972499699304669,4935,4933,0.89,0.09613320832657868,0.9084471118578897,0.6404115441928311,0.6025083358481167,0.0911411795277234,0.9084471118578897,0.0,0.8343202563339817,0.5462757747257313,True,False
bxaic__rings-count__gin__seed123,bxaic,rings-count,gin,123,ig,True,0.9972499699304669,4935,4933,0.89,0.09182831535277988,0.9084471118578897,0.6457072121745934,0.6123853625155222,0.0911411795277234,0.9084471118578897,0.0,0.8723311850319148,0.5715170048337558,True,False
bxaic__rings-count__gin__seed2026,bxaic,rings-count,gin,2026,gradinput,True,0.9995775040308399,4935,4933,0.9,0.09149951973345447,0.915205996412866,0.6410228185337978,0.6073130659055345,0.09132436920126225,0.9084471118578897,-0.006758884554976308,0.8840422056644808,0.5815783582870827,True,False
bxaic__rings-count__gin__seed2026,bxaic,rings-count,gin,2026,ig,True,0.9995775040308399,4935,4933,0.9,0.09342659689856886,0.915205996412866,0.6400567764970337,0.6063204895471188,0.09132436920126225,0.9084471118578897,-0.006758884554976308,0.901486103870923,0.5885741740923045,True,False
bxaic__rings-count__gin__seed42,bxaic,rings-count,gin,42,gradinput,True,0.9993076394883763,4935,4933,0.89,0.09460945557820033,0.9084471118578897,0.641086522072392,0.6031558145495367,0.09121609378490615,0.9084471118578897,0.0,0.8475906946825241,0.5454297701949441,True,False
bxaic__rings-count__gin__seed42,bxaic,rings-count,gin,42,ig,True,0.9993076394883763,4935,4933,0.9,0.0941799224407364,0.915205996412866,0.6406271058561605,0.6078680865814945,0.09121609378490615,0.9084471118578897,-0.006758884554976308,0.8970288044289497,0.5906673219900079,True,False
bxaic__rings-max__gcn__seed123,bxaic,rings-max,gcn,123,gradinput,True,0.7547022386952845,297,277,0.9,0.08851722172782082,0.9101407650316404,0.2702047616046774,0.2635047603689398,0.08898424448827523,0.9026685530504263,-0.007472211981214172,0.6648283969271137,0.335609520001208,True,False
bxaic__rings-max__gcn__seed123,bxaic,rings-max,gcn,123,ig,True,0.7547022386952845,297,277,0.91,0.0910966984479162,0.9234847698070429,0.26575217267254664,0.25907776115274855,0.08898424448827523,0.9026685530504263,-0.0208162167566166,0.6317239733397318,0.34281430785465133,True,False
bxaic__rings-max__gcn__seed2026,bxaic,rings-max,gcn,2026,gradinput,True,0.7569430746624219,297,277,0.9,0.08896052427544164,0.9101407650316404,0.26910925086354276,0.26190827841607967,0.08910749369585744,0.9101407650316404,0.0,0.6837107972752371,0.3778433865909635,True,False
bxaic__rings-max__gcn__seed2026,bxaic,rings-max,gcn,2026,ig,True,0.7569430746624219,297,277,0.87,0.08378128936502155,0.8831394062523965,0.27822247864586647,0.2709427678530432,0.08910749369585744,0.9101407650316404,0.027001358779243922,0.8031180932438998,0.4335177223908283,True,False
bxaic__rings-max__gcn__seed42,bxaic,rings-max,gcn,42,gradinput,True,0.7570011789044905,297,277,0.9,0.0948870730361377,0.9101407650316404,0.26774956608323097,0.26030018720478626,0.09151102004337518,0.9101407650316404,0.0,0.6808112118522407,0.35899024069504953,True,False
bxaic__rings-max__gcn__seed42,bxaic,rings-max,gcn,42,ig,True,0.7570011789044905,297,277,0.92,0.08749858457981446,0.93310042311993,0.2637204207080502,0.2573218213892817,0.09151102004337518,0.9101407650316404,-0.022959658088289592,0.6351818929003887,0.32985707320756863,True,False
bxaic__rings-max__gin__seed123,bxaic,rings-max,gin,123,gradinput,True,0.8959765870485644,297,277,0.91,0.09717035565724894,0.9234847698070429,0.26294376819634163,0.25580720038501426,0.08898424448827523,0.9026685530504263,-0.0208162167566166,0.7592339659966051,0.45194568169871036,True,False
bxaic__rings-max__gin__seed123,bxaic,rings-max,gin,123,ig,True,0.8959765870485644,297,277,0.93,0.09765892384730589,0.9416332553306369,0.25876220343626416,0.2517864121655203,0.08898424448827523,0.9026685530504263,-0.03896470228021065,0.622984195382829,0.3245252577972558,True,False
bxaic__rings-max__gin__seed2026,bxaic,rings-max,gin,2026,gradinput,True,0.8938167912085224,297,277,0.92,0.08833164236156171,0.93310042311993,0.2640773686291316,0.25793045858905134,0.08910749369585744,0.9101407650316404,-0.022959658088289592,0.7695448452636559,0.5093311937990761,True,False
bxaic__rings-max__gin__seed2026,bxaic,rings-max,gin,2026,ig,True,0.8938167912085224,297,277,0.91,0.08851679679242744,0.9234847698070429,0.2658443098954486,0.2592408555449086,0.08910749369585744,0.9101407650316404,-0.01334400477540243,0.7721155817178993,0.5439234620237438,True,False
bxaic__rings-max__gin__seed42,bxaic,rings-max,gin,42,gradinput,True,0.8883966593118928,297,277,0.9400000000000001,0.08241617074873374,0.9522828292781326,0.260999538210218,0.25546698197411916,0.09151102004337518,0.9101407650316404,-0.04214206424649214,0.7443476658889828,0.5290862458201544,True,False
bxaic__rings-max__gin__seed42,bxaic,rings-max,gin,42,ig,True,0.8883966593118928,297,277,0.93,0.09994925441187473,0.9416332553306369,0.25733658573042917,0.25005050490361563,0.09151102004337518,0.9101407650316404,-0.03149249029899648,0.8531747384748546,0.6285685588856235,True,False
bxaic__X__gcn__seed123,bxaic,X,gcn,123,gradinput,True,1.0,2764,2822,0.05,0.09216811222480963,0.06814793693938972,0.7275108622380061,0.6353427500131965,0.09262357553463152,0.9087783882831856,0.8406304513437959,0.001392826206787936,8.858965272856131e-05,True,True
bxaic__X__gcn__seed123,bxaic,X,gcn,123,ig,True,1.0,2764,2822,0.05,0.09216811222480963,0.06814793693938972,0.7275108622380061,0.6353427500131965,0.09262357553463152,0.9087783882831856,0.8406304513437959,0.001392826206787936,8.858965272856131e-05,True,True
bxaic__X__gcn__seed2026,bxaic,X,gcn,2026,gradinput,True,1.0,2764,2822,0.05,0.09216811222480963,0.06814793693938972,0.7275108622380061,0.6353427500131965,0.08667203829322895,0.9087783882831856,0.8406304513437959,0.001392826206787936,8.858965272856131e-05,True,True
bxaic__X__gcn__seed2026,bxaic,X,gcn,2026,ig,True,1.0,2764,2822,0.05,0.09216811222480963,0.06814793693938972,0.7275108622380061,0.6353427500131965,0.08667203829322895,0.9087783882831856,0.8406304513437959,0.001392826206787936,8.858965272856131e-05,True,True
bxaic__X__gcn__seed42,bxaic,X,gcn,42,gradinput,True,1.0,2764,2822,0.05,0.09216811222480963,0.06814793693938972,0.7275108622380061,0.6353427500131965,0.09146684778329003,0.9087783882831856,0.8406304513437959,0.001392826206787936,8.858965272856131e-05,True,True
bxaic__X__gcn__seed42,bxaic,X,gcn,42,ig,True,1.0,2764,2822,0.05,0.09216811222480963,0.06814793693938972,0.7275108622380061,0.6353427500131965,0.09146684778329003,0.9087783882831856,0.8406304513437959,0.001392826206787936,8.858965272856131e-05,True,True
bxaic__X__gin__seed123,bxaic,X,gin,123,gradinput,True,1.0,2764,2822,0.06,0.08008940524000766,0.07771608055437464,0.6541456569849553,0.5871527554066532,0.09262357553463152,0.9087783882831856,0.831062307728811,0.003188243168753445,0.0002657689581856839,True,True
bxaic__X__gin__seed123,bxaic,X,gin,123,ig,True,1.0,2764,2822,0.05,0.09216811222480963,0.06814793693938972,0.7275108622380061,0.6353427500131965,0.09262357553463152,0.9087783882831856,0.8406304513437959,0.001392826206787936,8.858965272856131e-05,True,True
bxaic__X__gin__seed2026,bxaic,X,gin,2026,gradinput,True,0.9996505246037515,2764,2822,0.05,0.09814833563947668,0.06814793693938972,0.7163485659942074,0.629389103494348,0.08667203829322895,0.9087783882831856,0.8406304513437959,0.003038062614604075,0.00023623907394283017,True,True
bxaic__X__gin__seed2026,bxaic,X,gin,2026,ig,True,0.9996505246037515,2764,2822,0.05,0.09234529153026674,0.06814793693938972,0.7271565036270918,0.6351655707077394,0.08667203829322895,0.9087783882831856,0.8406304513437959,0.001392826206787936,8.858965272856131e-05,True,True
bxaic__X__gin__seed42,bxaic,X,gin,42,gradinput,True,0.9998909415391307,2764,2822,0.05,0.09245497395745447,0.06814793693938972,0.7264477864052633,0.6350093219246302,0.09146684778329003,0.9087783882831856,0.8406304513437959,0.0016206281709470935,0.00017717930545712261,True,True
bxaic__X__gin__seed42,bxaic,X,gin,42,ig,True,0.9998909415391307,2764,2822,0.05,0.09216811222480963,0.06814793693938972,0.7275108622380061,0.6353427500131965,0.09146684778329003,0.9087783882831856,0.8406304513437959,0.001392826206787936,8.858965272856131e-05,True,True
google__benzene__gcn__seed123,google,benzene,gcn,123,gradinput,True,0.9055409055409055,1000,999,0.45,0.1100648267314934,0.47063527841021446,0.6792763542763541,0.6139630635459669,0.0954353162686496,0.9031661198214196,0.4325308414112051,0.4799301285412396,0.07998355498355499,False,True
google__benzene__gcn__seed123,google,benzene,gcn,123,ig,True,0.9055409055409055,1000,999,0.55,0.0948621240287907,0.5716810705784846,0.5779763890875002,0.5389114533593379,0.0954353162686496,0.9031661198214196,0.331485049242935,0.5293615043615043,0.1366707977819089,True,True
google__benzene__gcn__seed2026,google,benzene,gcn,2026,gradinput,True,0.9104669104669104,1000,999,0.49,0.1034220728665173,0.5119776375360348,0.6314577286799509,0.5790425040726038,0.09806771056771056,0.9031661198214196,0.39118848228538483,0.5391462891462891,0.1034220728665173,False,True
google__benzene__gcn__seed2026,google,benzene,gcn,2026,ig,True,0.9104669104669104,1000,999,0.51,0.10471900471900474,0.5344928656068183,0.6075252158585491,0.5609350794378314,0.09806771056771056,0.9031661198214196,0.3686732542146013,0.5255507491618604,0.12105935300379744,False,True
google__benzene__gcn__seed42,google,benzene,gcn,42,gradinput,True,0.9302719302719303,1000,999,0.48,0.10053188108743663,0.5040497096081068,0.6459440320551432,0.5915181873730206,0.09640851168628947,0.9031661198214196,0.3991164102133128,0.47847589653145206,0.09551714412825524,False,True
google__benzene__gcn__seed42,google,benzene,gcn,42,ig,True,0.9302719302719303,1000,999,0.47000000000000003,0.10280220696887363,0.48970983081810027,0.6599771488660378,0.6037253316450083,0.09640851168628947,0.9031661198214196,0.4134562890033193,0.46725773392440056,0.08836137725026615,False,True
google__benzene__gin__seed123,google,benzene,gin,123,gradinput,True,0.9713129713129713,1000,999,0.9400000000000001,0.09441922080810969,0.9575645508922009,0.3556615195535867,0.34419030361867,0.0954353162686496,0.9031661198214196,-0.05439843107078135,0.9030806600251045,0.7263207652096542,True,False
google__benzene__gin__seed123,google,benzene,gin,123,ig,True,0.9713129713129713,1000,999,0.51,0.10026653637764749,0.5344928656068183,0.6092161703272814,0.5605841587523734,0.0954353162686496,0.9031661198214196,0.3686732542146013,0.505915836471392,0.11187794937794937,False,True
google__benzene__gin__seed2026,google,benzene,gin,2026,gradinput,True,0.9726739726739727,1000,999,0.81,0.08559213975880642,0.8355199614449401,0.4047899542223587,0.38868904505333063,0.09806771056771056,0.9031661198214196,0.06764615837647947,0.6415341929230818,0.32767886934553603,True,False
google__benzene__gin__seed2026,google,benzene,gin,2026,ig,True,0.9726739726739727,1000,999,0.79,0.09405278294167183,0.8109944835861289,0.41089937410026844,0.39063164150296403,0.09806771056771056,0.9031661198214196,0.09217163623529068,0.9834103945215056,0.5015602904491794,True,False
google__benzene__gin__seed42,google,benzene,gin,42,gradinput,True,0.9731884731884732,1000,999,0.8300000000000001,0.10928329122773567,0.8503733407484473,0.3884930443065977,0.3711982206605754,0.09640851168628947,0.9031661198214196,0.05279277907297231,0.5326028409361743,0.2520774742996965,False,False
google__benzene__gin__seed42,google,benzene,gin,42,ig,True,0.9731884731884732,1000,999,0.73,0.10225344392011057,0.7551707536987445,0.43822005487812166,0.41613412916190323,0.09640851168628947,0.9031661198214196,0.14799536612267505,0.7007384368495478,0.28726285809619145,False,True
google__logic10__gcn__seed123,google,logic10,gcn,123,gradinput,True,0.8715098349724955,192,112,0.81,0.0879145408163265,0.8360362351772493,0.5402046877209968,0.5145585950287873,0.09316189762618332,0.9043177969998629,0.06828156182261358,0.7509362289496219,0.32956110110127973,True,False
google__logic10__gcn__seed123,google,logic10,gcn,123,ig,True,0.8715098349724955,192,112,0.67,0.10199807632843347,0.6977497682005145,0.635333738681953,0.594140382505597,0.09316189762618332,0.9043177969998629,0.20656802879934844,0.7389417502140716,0.2478414071048,False,True
google__logic10__gcn__seed2026,google,logic10,gcn,2026,gradinput,True,0.9004417402900483,192,112,0.8,0.09742404173207743,0.8213806229323514,0.5442948819127087,0.5164096487954156,0.08672978806907375,0.9140376849550449,0.09265706202269353,0.7351338393749108,0.32469290382236815,True,False
google__logic10__gcn__seed2026,google,logic10,gcn,2026,ig,True,0.9004417402900483,192,112,0.89,0.09170814304742876,0.9140376849550449,0.49272921591392105,0.4706043278588793,0.08672978806907375,0.9140376849550449,0.0,0.7985299298915371,0.3864445822035108,True,False
google__logic10__gcn__seed42,google,logic10,gcn,42,gradinput,True,0.864508668111352,192,112,0.73,0.07869121206174776,0.7549440500024239,0.6029725607501619,0.5747828558410851,0.10380709320441461,0.9043177969998629,0.149373746997439,0.6954360000118928,0.24049001593644448,True,True
google__logic10__gcn__seed42,google,logic10,gcn,42,ig,True,0.864508668111352,192,112,0.63,0.10448532122639266,0.6531162069280754,0.6747960744612531,0.6267632635804904,0.10380709320441461,0.9043177969998629,0.25120159007178755,0.759926345975453,0.24893744648208932,False,True
google__logic10__gin__seed123,google,logic10,gin,123,gradinput,True,0.9443344724120687,192,112,0.93,0.07653243334046904,0.9549678417887855,0.47920795688616774,0.4612433736506477,0.09316189762618332,0.9043177969998629,-0.050650044788922544,0.8949684987631417,0.6860614459944817,True,False
google__logic10__gin__seed123,google,logic10,gin,123,ig,True,0.9443344724120687,192,112,0.74,0.10408936301793445,0.7666308757624763,0.577523413518272,0.5412322807374085,0.09316189762618332,0.9043177969998629,0.13768692123738657,0.7621928294919368,0.35947608938680364,False,True
google__logic10__gin__seed2026,google,logic10,gin,2026,gradinput,True,0.9637022837139524,192,112,0.91,0.09561584249084246,0.9336198180475164,0.48067597042097315,0.4593566320759073,0.08672978806907375,0.9140376849550449,-0.019582133092471476,0.8586457069715998,0.6550857624518338,True,False
google__logic10__gin__seed2026,google,logic10,gin,2026,ig,True,0.9637022837139524,192,112,0.86,0.09747696499928642,0.883717529966172,0.5056245319330653,0.47962754662014806,0.08672978806907375,0.9140376849550449,0.03032015498887286,0.7770523003781934,0.39693030184101613,True,False
google__logic10__gin__seed42,google,logic10,gin,42,gradinput,True,0.9550966827804634,192,112,0.92,0.08134116627420197,0.9476758480682204,0.4811269323266077,0.46234073288719774,0.10380709320441461,0.9043177969998629,-0.04335805106835744,0.9346668956043958,0.7176898250558965,True,False
google__logic10__gin__seed42,google,logic10,gin,42,ig,True,0.9550966827804634,192,112,0.87,0.09142483260786831,0.8955752374760533,0.5021744865287545,0.4778516872335979,0.10380709320441461,0.9043177969998629,0.008742559523809645,0.8105648815470244,0.5105226618619475,True,False
google__logic7__gcn__seed123,google,logic7,gcn,123,gradinput,True,0.9700479813890369,66,47,0.81,0.03652482269503545,0.833329619256579,0.2258508643644669,0.22362315452047182,0.050354609929078004,0.9390069354229216,0.10567731616634257,0.40952380952380946,0.202532928064843,True,False
google__logic7__gcn__seed123,google,logic7,gcn,123,ig,True,0.9700479813890369,66,47,0.72,0.0576241134751773,0.7399967108726914,0.2502119091449504,0.24690103918580303,0.050354609929078004,0.9390069354229216,0.1990102245502302,0.4960739614994934,0.1356889564336373,True,True
google__logic7__gcn__seed2026,google,logic7,gcn,2026,gradinput,True,0.9699995153395046,66,47,0.93,0.08138297872340425,0.9546910462550436,0.19010732547175402,0.18747940619355968,0.07641843971631204,0.8983233285789827,-0.05636771767606097,0.4208713272543059,0.23338399189463022,True,False
google__logic7__gcn__seed2026,google,logic7,gcn,2026,ig,True,0.9699995153395046,66,47,0.6,0.05997973657548126,0.6218405892071917,0.2963698240293985,0.2912789859285479,0.07641843971631204,0.8983233285789827,0.276482739371791,0.5380952380952381,0.1360435663627153,True,True
google__logic7__gcn__seed42,google,logic7,gcn,42,gradinput,True,0.9671400184170988,66,47,0.71,0.05514184397163121,0.7323979266781626,0.252701618017638,0.24913426823050694,0.0973404255319149,0.8983233285789827,0.16592540190082006,0.3055724417426545,0.15075987841945288,True,True
google__logic7__gcn__seed42,google,logic7,gcn,42,ig,True,0.9671400184170988,66,47,0.56,0.06793313069908814,0.584373580750989,0.31179942988453635,0.3044657174976324,0.0973404255319149,0.8983233285789827,0.3139497478279937,0.36144883485309015,0.10412867274569403,True,True
google__logic7__gin__seed123,google,logic7,gin,123,gradinput,True,0.9707265060824892,66,47,0.96,0.016666666666666663,0.9948936170212765,0.1942988695551252,0.19369603267569258,0.050354609929078004,0.9390069354229216,-0.05588668159835497,0.8187943262411348,0.5540526849037487,True,False
google__logic7__gin__seed123,google,logic7,gin,123,ig,True,0.9707265060824892,66,47,0.67,0.06223404255319149,0.6931680002888293,0.26634526820697035,0.26253782026623085,0.050354609929078004,0.9390069354229216,0.24583893513409227,0.22505065856129686,0.12039007092198581,True,True
google__logic7__gin__seed2026,google,logic7,gin,2026,gradinput,True,0.9703145446614646,66,47,0.89,0.10676291793313071,0.9117734745948357,0.1949044262389677,0.19177757594471276,0.07641843971631204,0.8983233285789827,-0.013450146015853037,0.6508358662613982,0.4284701114488349,False,False
google__logic7__gin__seed2026,google,logic7,gin,2026,ig,True,0.9703145446614646,66,47,0.92,0.09609929078014186,0.9480649064374145,0.19053034585984094,0.18827945343604213,0.07641843971631204,0.8983233285789827,-0.04974157785843181,0.4118034447821681,0.28302938196555216,True,False
google__logic7__gin__seed42,google,logic7,gin,42,gradinput,True,0.9656375708815974,66,47,0.93,0.07272036474164133,0.9546910462550436,0.19098433666511466,0.18842202529364394,0.0973404255319149,0.8983233285789827,-0.05636771767606097,0.9517730496453899,0.6971631205673758,True,False
google__logic7__gin__seed42,google,logic7,gin,42,ig,True,0.9656375708815974,66,47,0.74,0.09169199594731509,0.7666275550759587,0.23265232652130752,0.22786325566857152,0.0973404255319149,0.8983233285789827,0.13169577350302397,0.4981509625126647,0.17114994934143868,True,True
google__logic8__gcn__seed123,google,logic8,gcn,123,gradinput,True,0.7622837933894089,269,184,0.88,0.0950292913608131,0.9024191886597204,0.30675972094883625,0.2981807843754581,0.10057033847794718,0.9024191886597204,0.0,0.5644392292490118,0.330727500156848,True,False
google__logic8__gcn__seed123,google,logic8,gcn,123,ig,True,0.7622837933894089,269,184,0.84,0.08462811343246124,0.8602399673880892,0.3234493928423546,0.3137801346905504,0.10057033847794718,0.9024191886597204,0.042179221271631206,0.620212803500847,0.2763690868310434,True,False
google__logic8__gcn__seed2026,google,logic8,gcn,2026,gradinput,True,0.7670225684160645,269,184,0.89,0.08178112648221343,0.9154662190660858,0.3058428315912298,0.2981185568666109,0.10387826243804504,0.9024191886597204,-0.013047030406365456,0.5914298262124349,0.2905665741263567,True,False
google__logic8__gcn__seed2026,google,logic8,gcn,2026,ig,True,0.7670225684160645,269,184,0.91,0.0917946938327373,0.9329327485320431,0.2983701742230031,0.2908402062775292,0.10387826243804504,0.9024191886597204,-0.030513559872322737,0.6525366240040154,0.3981629179998745,True,False
google__logic8__gcn__seed42,google,logic8,gcn,42,gradinput,True,0.773693875133278,269,184,0.91,0.08121980676328501,0.9329327485320431,0.3017496749071508,0.29531736077870824,0.08330804159608507,0.9154662190660858,-0.01746652946595728,0.5892688531275487,0.29880893562958777,True,False
google__logic8__gcn__seed42,google,logic8,gcn,42,ig,True,0.773693875133278,269,184,0.96,0.027254101574753747,0.991304347826087,0.3006255786403412,0.2989498540026601,0.08330804159608507,0.9154662190660858,-0.07583812876000118,0.6409592822636301,0.40758007089528825,True,False
google__logic8__gin__seed123,google,logic8,gin,123,gradinput,True,0.9480289657623504,269,184,0.9500000000000001,0.08280985319028797,0.9635620995261828,0.29160675860520435,0.28504461810831855,0.10057033847794718,0.9024191886597204,-0.0611429108664624,0.8748974606311563,0.669110946420729,True,False
google__logic8__gin__seed123,google,logic8,gin,123,ig,True,0.9480289657623504,269,184,0.85,0.09399644739318651,0.8710699269022593,0.3171126144499075,0.30738270293587805,0.10057033847794718,0.9024191886597204,0.03134926175746111,0.5852276648472301,0.37319409153648275,True,False
google__logic8__gin__seed2026,google,logic8,gin,2026,gradinput,True,0.9461852861035422,269,184,0.93,0.0625782279314888,0.9552677229464129,0.2993921829174449,0.29347566521994223,0.10387826243804504,0.9024191886597204,-0.05284853428669256,0.780268327686806,0.5514122200263505,True,False
google__logic8__gin__seed2026,google,logic8,gin,2026,ig,True,0.9461852861035422,269,184,0.76,0.08729825428194993,0.7782340988395715,0.35633984641127253,0.3441797757999467,0.10387826243804504,0.9024191886597204,0.12418508982014886,0.5627201753560449,0.23322608852500154,True,True
google__logic8__gin__seed42,google,logic8,gin,42,gradinput,True,0.9017888875725626,269,184,0.91,0.07647162619988707,0.9329327485320431,0.30242159844934774,0.2957819818793321,0.08330804159608507,0.9154662190660858,-0.01746652946595728,0.8327904432523998,0.5025754438797917,True,False
google__logic8__gin__seed42,google,logic8,gin,42,ig,True,0.9017888875725626,269,184,0.86,0.09056520170650605,0.8816677529892157,0.31495756691484583,0.3060177022898028,0.08330804159608507,0.9154662190660858,0.03379846607687009,0.6873556998556999,0.43044027228809845,True,False
