cell_id,family,task,model,seed,explainer,alpha,crc_fraction,crc_test_risk,crc_mean_atom_fraction,naive_fraction,naive_test_risk,random_fraction,crc_minus_naive_fraction,risk_pass,efficiency_pass
bxaic__B__gcn__seed123,bxaic,B,gcn,123,gradinput,0.05,0.01,0.029051987767584102,0.03860035714971998,0.01,0.029051987767584102,0.9670689714625957,0.0,True,True
bxaic__B__gcn__seed123,bxaic,B,gcn,123,gradinput,0.1,0.01,0.029051987767584102,0.03860035714971998,0.01,0.029051987767584102,0.9109252060222288,0.0,True,True
bxaic__B__gcn__seed123,bxaic,B,gcn,123,gradinput,0.2,0.01,0.029051987767584102,0.03860035714971998,0.01,0.029051987767584102,0.7782746170955813,0.0,True,True
bxaic__B__gcn__seed123,bxaic,B,gcn,123,ig,0.05,0.01,0.029051987767584102,0.03860035714971998,0.01,0.029051987767584102,0.9670689714625957,0.0,True,True
bxaic__B__gcn__seed123,bxaic,B,gcn,123,ig,0.1,0.01,0.029051987767584102,0.03860035714971998,0.01,0.029051987767584102,0.9109252060222288,0.0,True,True
bxaic__B__gcn__seed123,bxaic,B,gcn,123,ig,0.2,0.01,0.029051987767584102,0.03860035714971998,0.01,0.029051987767584102,0.7782746170955813,0.0,True,True
bxaic__B__gcn__seed2026,bxaic,B,gcn,2026,gradinput,0.05,0.01,0.029051987767584102,0.03860035714971998,0.01,0.029051987767584102,0.9500960721384787,0.0,True,True
bxaic__B__gcn__seed2026,bxaic,B,gcn,2026,gradinput,0.1,0.01,0.029051987767584102,0.03860035714971998,0.01,0.029051987767584102,0.8893335038811342,0.0,True,True
bxaic__B__gcn__seed2026,bxaic,B,gcn,2026,gradinput,0.2,0.01,0.029051987767584102,0.03860035714971998,0.01,0.029051987767584102,0.7989221917985107,0.0,True,True
bxaic__B__gcn__seed2026,bxaic,B,gcn,2026,ig,0.05,0.01,0.029051987767584102,0.03860035714971998,0.01,0.029051987767584102,0.9500960721384787,0.0,True,True
bxaic__B__gcn__seed2026,bxaic,B,gcn,2026,ig,0.1,0.01,0.029051987767584102,0.03860035714971998,0.01,0.029051987767584102,0.8893335038811342,0.0,True,True
bxaic__B__gcn__seed2026,bxaic,B,gcn,2026,ig,0.2,0.01,0.029051987767584102,0.03860035714971998,0.01,0.029051987767584102,0.7989221917985107,0.0,True,True
bxaic__B__gcn__seed42,bxaic,B,gcn,42,gradinput,0.05,0.01,0.029051987767584102,0.03860035714971998,0.01,0.029051987767584102,0.958384319631281,0.0,True,True
bxaic__B__gcn__seed42,bxaic,B,gcn,42,gradinput,0.1,0.01,0.029051987767584102,0.03860035714971998,0.01,0.029051987767584102,0.9109252060222288,0.0,True,True
bxaic__B__gcn__seed42,bxaic,B,gcn,42,gradinput,0.2,0.01,0.029051987767584102,0.03860035714971998,0.01,0.029051987767584102,0.7894019257274031,0.0,True,True
bxaic__B__gcn__seed42,bxaic,B,gcn,42,ig,0.05,0.01,0.029051987767584102,0.03860035714971998,0.01,0.029051987767584102,0.958384319631281,0.0,True,True
bxaic__B__gcn__seed42,bxaic,B,gcn,42,ig,0.1,0.01,0.029051987767584102,0.03860035714971998,0.01,0.029051987767584102,0.9109252060222288,0.0,True,True
bxaic__B__gcn__seed42,bxaic,B,gcn,42,ig,0.2,0.01,0.029051987767584102,0.03860035714971998,0.01,0.029051987767584102,0.7894019257274031,0.0,True,True
bxaic__B__gin__seed123,bxaic,B,gin,123,gradinput,0.05,0.01,0.029051987767584102,0.03860035714971998,0.01,0.029051987767584102,0.9670689714625957,0.0,True,True
bxaic__B__gin__seed123,bxaic,B,gin,123,gradinput,0.1,0.01,0.029051987767584102,0.03860035714971998,0.01,0.029051987767584102,0.9109252060222288,0.0,True,True
bxaic__B__gin__seed123,bxaic,B,gin,123,gradinput,0.2,0.01,0.029051987767584102,0.03860035714971998,0.01,0.029051987767584102,0.7782746170955813,0.0,True,True
bxaic__B__gin__seed123,bxaic,B,gin,123,ig,0.05,0.01,0.029051987767584102,0.03860035714971998,0.01,0.029051987767584102,0.9670689714625957,0.0,True,True
bxaic__B__gin__seed123,bxaic,B,gin,123,ig,0.1,0.01,0.029051987767584102,0.03860035714971998,0.01,0.029051987767584102,0.9109252060222288,0.0,True,True
bxaic__B__gin__seed123,bxaic,B,gin,123,ig,0.2,0.01,0.029051987767584102,0.03860035714971998,0.01,0.029051987767584102,0.7782746170955813,0.0,True,True
bxaic__B__gin__seed2026,bxaic,B,gin,2026,gradinput,0.05,0.01,0.029051987767584102,0.03860035714971998,0.01,0.029051987767584102,0.9500960721384787,0.0,True,True
bxaic__B__gin__seed2026,bxaic,B,gin,2026,gradinput,0.1,0.01,0.029051987767584102,0.03860035714971998,0.01,0.029051987767584102,0.8893335038811342,0.0,True,True
bxaic__B__gin__seed2026,bxaic,B,gin,2026,gradinput,0.2,0.01,0.029051987767584102,0.03860035714971998,0.01,0.029051987767584102,0.7989221917985107,0.0,True,True
bxaic__B__gin__seed2026,bxaic,B,gin,2026,ig,0.05,0.01,0.029051987767584102,0.03860035714971998,0.01,0.029051987767584102,0.9500960721384787,0.0,True,True
bxaic__B__gin__seed2026,bxaic,B,gin,2026,ig,0.1,0.01,0.029051987767584102,0.03860035714971998,0.01,0.029051987767584102,0.8893335038811342,0.0,True,True
bxaic__B__gin__seed2026,bxaic,B,gin,2026,ig,0.2,0.01,0.029051987767584102,0.03860035714971998,0.01,0.029051987767584102,0.7989221917985107,0.0,True,True
bxaic__B__gin__seed42,bxaic,B,gin,42,gradinput,0.05,0.01,0.029051987767584102,0.03860035714971998,0.01,0.029051987767584102,0.958384319631281,0.0,True,True
bxaic__B__gin__seed42,bxaic,B,gin,42,gradinput,0.1,0.01,0.029051987767584102,0.03860035714971998,0.01,0.029051987767584102,0.9109252060222288,0.0,True,True
bxaic__B__gin__seed42,bxaic,B,gin,42,gradinput,0.2,0.01,0.029051987767584102,0.03860035714971998,0.01,0.029051987767584102,0.7894019257274031,0.0,True,True
bxaic__B__gin__seed42,bxaic,B,gin,42,ig,0.05,0.01,0.029051987767584102,0.03860035714971998,0.01,0.029051987767584102,0.958384319631281,0.0,True,True
bxaic__B__gin__seed42,bxaic,B,gin,42,ig,0.1,0.01,0.029051987767584102,0.03860035714971998,0.01,0.029051987767584102,0.9109252060222288,0.0,True,True
bxaic__B__gin__seed42,bxaic,B,gin,42,ig,0.2,0.01,0.029051987767584102,0.03860035714971998,0.01,0.029051987767584102,0.7894019257274031,0.0,True,True
bxaic__indole__gcn__seed123,bxaic,indole,gcn,123,gradinput,0.05,0.96,0.04763372343231577,0.9747994993281845,0.96,0.04763372343231577,0.9561229549588245,0.0,True,False
bxaic__indole__gcn__seed123,bxaic,indole,gcn,123,gradinput,0.1,0.8300000000000001,0.09772876089199861,0.8468982391419475,0.8200000000000001,0.10019522302278125,0.90726752777742,0.010000000000000009,True,False
bxaic__indole__gcn__seed123,bxaic,indole,gcn,123,gradinput,0.2,0.51,0.1939799582598717,0.5254579598587015,0.51,0.1939799582598717,0.8060574077896909,0.0,True,True
bxaic__indole__gcn__seed123,bxaic,indole,gcn,123,ig,0.05,0.93,0.04814326998273942,0.9462280636892683,0.93,0.04814326998273942,0.9561229549588245,0.0,True,False
bxaic__indole__gcn__seed123,bxaic,indole,gcn,123,ig,0.1,0.76,0.09413712002369287,0.7755804835294008,0.76,0.09413712002369287,0.90726752777742,0.0,True,True
bxaic__indole__gcn__seed123,bxaic,indole,gcn,123,ig,0.2,0.51,0.18747882914775177,0.5254579598587015,0.51,0.18747882914775177,0.8060574077896909,0.0,True,True
bxaic__indole__gcn__seed2026,bxaic,indole,gcn,2026,gradinput,0.05,0.97,0.01960837393972208,0.9902939499285958,0.97,0.01960837393972208,0.9561229549588245,0.0,True,False
bxaic__indole__gcn__seed2026,bxaic,indole,gcn,2026,gradinput,0.1,0.87,0.0977877037839139,0.886845717303693,0.87,0.0977877037839139,0.90726752777742,0.0,True,False
bxaic__indole__gcn__seed2026,bxaic,indole,gcn,2026,gradinput,0.2,0.51,0.1902333536943716,0.5254579598587015,0.51,0.1902333536943716,0.8060574077896909,0.0,True,True
bxaic__indole__gcn__seed2026,bxaic,indole,gcn,2026,ig,0.05,0.81,0.04345311639572605,0.8271643980179285,0.81,0.04345311639572605,0.9561229549588245,0.0,True,False
bxaic__indole__gcn__seed2026,bxaic,indole,gcn,2026,ig,0.1,0.71,0.09280763677758809,0.727164883610353,0.71,0.09280763677758809,0.90726752777742,0.0,True,True
bxaic__indole__gcn__seed2026,bxaic,indole,gcn,2026,ig,0.2,0.58,0.1929748055289474,0.5961126805626655,0.58,0.1929748055289474,0.8060574077896909,0.0,True,True
bxaic__indole__gcn__seed42,bxaic,indole,gcn,42,gradinput,0.05,0.8300000000000001,0.047004555782303496,0.8468982391419475,0.8300000000000001,0.047004555782303496,0.9561229549588245,0.0,True,False
bxaic__indole__gcn__seed42,bxaic,indole,gcn,42,gradinput,0.1,0.6900000000000001,0.09216024831211624,0.7066609235190675,0.6900000000000001,0.09216024831211624,0.90726752777742,0.0,True,True
bxaic__indole__gcn__seed42,bxaic,indole,gcn,42,gradinput,0.2,0.51,0.18788537506729175,0.5254579598587015,0.51,0.18788537506729175,0.8060574077896909,0.0,True,True
bxaic__indole__gcn__seed42,bxaic,indole,gcn,42,ig,0.05,0.77,0.04852839439331048,0.7868792996495827,0.77,0.04852839439331048,0.9561229549588245,0.0,True,True
bxaic__indole__gcn__seed42,bxaic,indole,gcn,42,ig,0.1,0.68,0.09511959796204518,0.6955214960377726,0.68,0.09511959796204518,0.90726752777742,0.0,True,True
bxaic__indole__gcn__seed42,bxaic,indole,gcn,42,ig,0.2,0.55,0.19273699014494905,0.5656559959354353,0.55,0.19273699014494905,0.8060574077896909,0.0,True,True
bxaic__indole__gin__seed123,bxaic,indole,gin,123,gradinput,0.05,0.96,0.046480394016939784,0.9747994993281845,0.96,0.046480394016939784,0.9561229549588245,0.0,True,False
bxaic__indole__gin__seed123,bxaic,indole,gin,123,gradinput,0.1,0.93,0.09009857750382928,0.9462280636892683,0.93,0.09009857750382928,0.90726752777742,0.0,True,False
bxaic__indole__gin__seed123,bxaic,indole,gin,123,gradinput,0.2,0.85,0.18914357539831284,0.8652452057581679,0.85,0.18914357539831284,0.8060574077896909,0.0,True,False
bxaic__indole__gin__seed123,bxaic,indole,gin,123,ig,0.05,0.6900000000000001,0.04816131726662318,0.7066609235190675,0.6900000000000001,0.04816131726662318,0.9561229549588245,0.0,True,True
bxaic__indole__gin__seed123,bxaic,indole,gin,123,ig,0.1,0.55,0.0965217330945539,0.5656559959354353,0.55,0.0965217330945539,0.90726752777742,0.0,True,True
bxaic__indole__gin__seed123,bxaic,indole,gin,123,ig,0.2,0.39,0.19480479240224774,0.4058785626735883,0.39,0.19480479240224774,0.8060574077896909,0.0,True,True
bxaic__indole__gin__seed2026,bxaic,indole,gin,2026,gradinput,0.05,0.97,0.05057458232877834,0.9902939499285958,0.97,0.05057458232877834,0.9561229549588245,0.0,False,False
bxaic__indole__gin__seed2026,bxaic,indole,gin,2026,gradinput,0.1,0.96,0.0988452823320176,0.9747994993281845,0.96,0.0988452823320176,0.90726752777742,0.0,True,False
bxaic__indole__gin__seed2026,bxaic,indole,gin,2026,gradinput,0.2,0.93,0.17887548068246503,0.9462280636892683,0.93,0.17887548068246503,0.8060574077896909,0.0,True,False
bxaic__indole__gin__seed2026,bxaic,indole,gin,2026,ig,0.05,0.88,0.048135326092824754,0.8954710135035089,0.88,0.048135326092824754,0.9561229549588245,0.0,True,False
bxaic__indole__gin__seed2026,bxaic,indole,gin,2026,ig,0.1,0.66,0.09508876718541043,0.6771674344541085,0.66,0.09508876718541043,0.90726752777742,0.0,True,True
bxaic__indole__gin__seed2026,bxaic,indole,gin,2026,ig,0.2,0.44,0.18701686881167123,0.45546499865365975,0.44,0.18701686881167123,0.8060574077896909,0.0,True,True
bxaic__indole__gin__seed42,bxaic,indole,gin,42,gradinput,0.05,0.96,0.049074112636646496,0.9747994993281845,0.96,0.049074112636646496,0.9561229549588245,0.0,True,False
bxaic__indole__gin__seed42,bxaic,indole,gin,42,gradinput,0.1,0.93,0.0921752491527803,0.9462280636892683,0.93,0.0921752491527803,0.90726752777742,0.0,True,False
bxaic__indole__gin__seed42,bxaic,indole,gin,42,gradinput,0.2,0.85,0.20607871469403688,0.8652452057581679,0.85,0.20607871469403688,0.8060574077896909,0.0,False,False
bxaic__indole__gin__seed42,bxaic,indole,gin,42,ig,0.05,0.79,0.04914263832780347,0.8060574077896909,0.78,0.0522919472093809,0.9561229549588245,0.010000000000000009,True,False
bxaic__indole__gin__seed42,bxaic,indole,gin,42,ig,0.1,0.67,0.09801464452249513,0.6886269315023926,0.67,0.09801464452249513,0.90726752777742,0.0,True,True
bxaic__indole__gin__seed42,bxaic,indole,gin,42,ig,0.2,0.47000000000000003,0.198500185871599,0.48597455234864967,0.47000000000000003,0.198500185871599,0.8060574077896909,0.0,True,True
bxaic__P__gcn__seed123,bxaic,P,gcn,123,gradinput,0.05,0.04,0.04238780151559057,0.0560134724761788,0.04,0.04238780151559057,0.9569520123848,0.0,True,True
bxaic__P__gcn__seed123,bxaic,P,gcn,123,gradinput,0.1,0.02,0.10976490624748046,0.03654573825758572,0.02,0.10976490624748046,0.9155993798160156,0.0,False,True
bxaic__P__gcn__seed123,bxaic,P,gcn,123,gradinput,0.2,0.01,0.12610950193699597,0.03475498746109547,0.01,0.12610950193699597,0.8074985489100943,0.0,True,True
bxaic__P__gcn__seed123,bxaic,P,gcn,123,ig,0.05,0.04,0.04238780151559057,0.0560134724761788,0.04,0.04238780151559057,0.9569520123848,0.0,True,True
bxaic__P__gcn__seed123,bxaic,P,gcn,123,ig,0.1,0.02,0.10976490624748046,0.03654573825758572,0.02,0.10976490624748046,0.9155993798160156,0.0,False,True
bxaic__P__gcn__seed123,bxaic,P,gcn,123,ig,0.2,0.01,0.12610950193699597,0.03475498746109547,0.01,0.12610950193699597,0.8074985489100943,0.0,True,True
bxaic__P__gcn__seed2026,bxaic,P,gcn,2026,gradinput,0.05,0.04,0.04238780151559057,0.0560134724761788,0.04,0.04238780151559057,0.9569520123848,0.0,True,True
bxaic__P__gcn__seed2026,bxaic,P,gcn,2026,gradinput,0.1,0.02,0.10976490624748046,0.03654573825758572,0.02,0.10976490624748046,0.9084086740208712,0.0,False,True
bxaic__P__gcn__seed2026,bxaic,P,gcn,2026,gradinput,0.2,0.01,0.12610950193699597,0.03475498746109547,0.01,0.12610950193699597,0.8074985489100943,0.0,True,True
bxaic__P__gcn__seed2026,bxaic,P,gcn,2026,ig,0.05,0.04,0.04238780151559057,0.0560134724761788,0.04,0.04238780151559057,0.9569520123848,0.0,True,True
bxaic__P__gcn__seed2026,bxaic,P,gcn,2026,ig,0.1,0.02,0.10976490624748046,0.03654573825758572,0.02,0.10976490624748046,0.9084086740208712,0.0,False,True
bxaic__P__gcn__seed2026,bxaic,P,gcn,2026,ig,0.2,0.01,0.12610950193699597,0.03475498746109547,0.01,0.12610950193699597,0.8074985489100943,0.0,True,True
bxaic__P__gcn__seed42,bxaic,P,gcn,42,gradinput,0.05,0.04,0.04238780151559057,0.0560134724761788,0.04,0.04238780151559057,0.9665717461886811,0.0,True,True
bxaic__P__gcn__seed42,bxaic,P,gcn,42,gradinput,0.1,0.02,0.10976490624748046,0.03654573825758572,0.02,0.10976490624748046,0.9274815943093282,0.0,False,True
bxaic__P__gcn__seed42,bxaic,P,gcn,42,gradinput,0.2,0.01,0.12610950193699597,0.03475498746109547,0.01,0.12610950193699597,0.8137475244309407,0.0,True,True
bxaic__P__gcn__seed42,bxaic,P,gcn,42,ig,0.05,0.04,0.04238780151559057,0.0560134724761788,0.04,0.04238780151559057,0.9665717461886811,0.0,True,True
bxaic__P__gcn__seed42,bxaic,P,gcn,42,ig,0.1,0.02,0.10976490624748046,0.03654573825758572,0.02,0.10976490624748046,0.9274815943093282,0.0,False,True
bxaic__P__gcn__seed42,bxaic,P,gcn,42,ig,0.2,0.01,0.12610950193699597,0.03475498746109547,0.01,0.12610950193699597,0.8137475244309407,0.0,True,True
bxaic__P__gin__seed123,bxaic,P,gin,123,gradinput,0.05,0.04,0.04238780151559057,0.0560134724761788,0.04,0.04238780151559057,0.9569520123848,0.0,True,True
bxaic__P__gin__seed123,bxaic,P,gin,123,gradinput,0.1,0.02,0.11289970248572498,0.03654573825758572,0.02,0.11289970248572498,0.9155993798160156,0.0,False,True
bxaic__P__gin__seed123,bxaic,P,gin,123,gradinput,0.2,0.01,0.12924429817524047,0.03475498746109547,0.01,0.12924429817524047,0.8074985489100943,0.0,True,True
bxaic__P__gin__seed123,bxaic,P,gin,123,ig,0.05,0.04,0.04238780151559057,0.0560134724761788,0.04,0.04238780151559057,0.9569520123848,0.0,True,True
bxaic__P__gin__seed123,bxaic,P,gin,123,ig,0.1,0.02,0.11289970248572498,0.03654573825758572,0.02,0.11289970248572498,0.9155993798160156,0.0,False,True
bxaic__P__gin__seed123,bxaic,P,gin,123,ig,0.2,0.01,0.12924429817524047,0.03475498746109547,0.01,0.12924429817524047,0.8074985489100943,0.0,True,True
bxaic__P__gin__seed2026,bxaic,P,gin,2026,gradinput,0.05,0.04,0.04238780151559057,0.0560134724761788,0.04,0.04238780151559057,0.9569520123848,0.0,True,True
bxaic__P__gin__seed2026,bxaic,P,gin,2026,gradinput,0.1,0.02,0.10976490624748046,0.03654573825758572,0.02,0.10976490624748046,0.9084086740208712,0.0,False,True
bxaic__P__gin__seed2026,bxaic,P,gin,2026,gradinput,0.2,0.01,0.12610950193699597,0.03475498746109547,0.01,0.12610950193699597,0.8074985489100943,0.0,True,True
bxaic__P__gin__seed2026,bxaic,P,gin,2026,ig,0.05,0.04,0.04238780151559057,0.0560134724761788,0.04,0.04238780151559057,0.9569520123848,0.0,True,True
bxaic__P__gin__seed2026,bxaic,P,gin,2026,ig,0.1,0.02,0.10976490624748046,0.03654573825758572,0.02,0.10976490624748046,0.9084086740208712,0.0,False,True
bxaic__P__gin__seed2026,bxaic,P,gin,2026,ig,0.2,0.01,0.12610950193699597,0.03475498746109547,0.01,0.12610950193699597,0.8074985489100943,0.0,True,True
bxaic__P__gin__seed42,bxaic,P,gin,42,gradinput,0.05,0.04,0.04238780151559057,0.0560134724761788,0.04,0.04238780151559057,0.9665717461886811,0.0,True,True
bxaic__P__gin__seed42,bxaic,P,gin,42,gradinput,0.1,0.02,0.11289970248572498,0.03654573825758572,0.02,0.11289970248572498,0.9274815943093282,0.0,False,True
bxaic__P__gin__seed42,bxaic,P,gin,42,gradinput,0.2,0.01,0.12924429817524047,0.03475498746109547,0.01,0.12924429817524047,0.8137475244309407,0.0,True,True
bxaic__P__gin__seed42,bxaic,P,gin,42,ig,0.05,0.04,0.04238780151559057,0.0560134724761788,0.04,0.04238780151559057,0.9665717461886811,0.0,True,True
bxaic__P__gin__seed42,bxaic,P,gin,42,ig,0.1,0.02,0.10976490624748046,0.03654573825758572,0.02,0.10976490624748046,0.9274815943093282,0.0,False,True
bxaic__P__gin__seed42,bxaic,P,gin,42,ig,0.2,0.01,0.12610950193699597,0.03475498746109547,0.01,0.12610950193699597,0.8137475244309407,0.0,True,True
bxaic__PAINS__gcn__seed123,bxaic,PAINS,gcn,123,gradinput,0.05,0.9400000000000001,0.041011763462845074,0.9576176765857717,0.9400000000000001,0.041011763462845074,0.9576176765857717,0.0,True,False
bxaic__PAINS__gcn__seed123,bxaic,PAINS,gcn,123,gradinput,0.1,0.89,0.09576963674243961,0.9091218677307263,0.89,0.09576963674243961,0.9091218677307263,0.0,True,False
bxaic__PAINS__gcn__seed123,bxaic,PAINS,gcn,123,gradinput,0.2,0.8,0.1956617947862849,0.8149319138164086,0.8,0.1956617947862849,0.8085992408466761,0.0,True,False
bxaic__PAINS__gcn__seed123,bxaic,PAINS,gcn,123,ig,0.05,0.92,0.04289762735267497,0.9380635432447605,0.92,0.04289762735267497,0.9576176765857717,0.0,True,False
bxaic__PAINS__gcn__seed123,bxaic,PAINS,gcn,123,ig,0.1,0.86,0.08862644004046176,0.8782821505199192,0.86,0.08862644004046176,0.9091218677307263,0.0,True,False
bxaic__PAINS__gcn__seed123,bxaic,PAINS,gcn,123,ig,0.2,0.73,0.19292904035226244,0.7480814401090432,0.73,0.19292904035226244,0.8085992408466761,0.0,True,True
bxaic__PAINS__gcn__seed2026,bxaic,PAINS,gcn,2026,gradinput,0.05,0.93,0.04681714691160101,0.9485539954456151,0.93,0.04681714691160101,0.9576176765857717,0.0,True,False
bxaic__PAINS__gcn__seed2026,bxaic,PAINS,gcn,2026,gradinput,0.1,0.88,0.09842741786539667,0.8975096610559893,0.88,0.09842741786539667,0.9091218677307263,0.0,True,False
bxaic__PAINS__gcn__seed2026,bxaic,PAINS,gcn,2026,gradinput,0.2,0.79,0.18989269401724768,0.8085992408466761,0.79,0.18989269401724768,0.8085992408466761,0.0,True,False
bxaic__PAINS__gcn__seed2026,bxaic,PAINS,gcn,2026,ig,0.05,0.9,0.046979093179355606,0.9157370192095665,0.9,0.046979093179355606,0.9576176765857717,0.0,True,False
bxaic__PAINS__gcn__seed2026,bxaic,PAINS,gcn,2026,ig,0.1,0.8300000000000001,0.09580133570717822,0.8488238590750994,0.8300000000000001,0.09580133570717822,0.9091218677307263,0.0,True,False
bxaic__PAINS__gcn__seed2026,bxaic,PAINS,gcn,2026,ig,0.2,0.72,0.19410345484081812,0.7376837897989358,0.72,0.19410345484081812,0.8085992408466761,0.0,True,True
bxaic__PAINS__gcn__seed42,bxaic,PAINS,gcn,42,gradinput,0.05,0.9400000000000001,0.044633373756444425,0.9576176765857717,0.9400000000000001,0.044633373756444425,0.9485539954456151,0.0,True,False
bxaic__PAINS__gcn__seed42,bxaic,PAINS,gcn,42,gradinput,0.1,0.89,0.09931977594233815,0.9091218677307263,0.89,0.09931977594233815,0.8975096610559893,0.0,True,False
bxaic__PAINS__gcn__seed42,bxaic,PAINS,gcn,42,gradinput,0.2,0.81,0.1857484349328107,0.8288222076854092,0.81,0.1857484349328107,0.8085992408466761,0.0,True,False
bxaic__PAINS__gcn__seed42,bxaic,PAINS,gcn,42,ig,0.05,0.9400000000000001,0.047966777414911364,0.9576176765857717,0.9400000000000001,0.047966777414911364,0.9485539954456151,0.0,True,False
bxaic__PAINS__gcn__seed42,bxaic,PAINS,gcn,42,ig,0.1,0.89,0.09730453274525726,0.9091218677307263,0.89,0.09730453274525726,0.8975096610559893,0.0,True,False
bxaic__PAINS__gcn__seed42,bxaic,PAINS,gcn,42,ig,0.2,0.77,0.20259014443986958,0.7885640718930422,0.77,0.20259014443986958,0.8085992408466761,0.0,False,True
bxaic__PAINS__gin__seed123,bxaic,PAINS,gin,123,gradinput,0.05,0.96,0.04765510656595746,0.9776360379657538,0.96,0.04765510656595746,0.9576176765857717,0.0,True,False
bxaic__PAINS__gin__seed123,bxaic,PAINS,gin,123,gradinput,0.1,0.9400000000000001,0.08501788191653958,0.9576176765857717,0.9400000000000001,0.08501788191653958,0.9091218677307263,0.0,True,False
bxaic__PAINS__gin__seed123,bxaic,PAINS,gin,123,gradinput,0.2,0.87,0.18998959218724734,0.888724311517938,0.87,0.18998959218724734,0.8085992408466761,0.0,True,False
bxaic__PAINS__gin__seed123,bxaic,PAINS,gin,123,ig,0.05,0.89,0.048736187379946845,0.9091218677307263,0.89,0.048736187379946845,0.9576176765857717,0.0,True,False
bxaic__PAINS__gin__seed123,bxaic,PAINS,gin,123,ig,0.1,0.8,0.09777046625151047,0.8149319138164086,0.8,0.09777046625151047,0.9091218677307263,0.0,True,False
bxaic__PAINS__gin__seed123,bxaic,PAINS,gin,123,ig,0.2,0.62,0.19324151491478925,0.6384061278452975,0.62,0.19324151491478925,0.8085992408466761,0.0,True,True
bxaic__PAINS__gin__seed2026,bxaic,PAINS,gin,2026,gradinput,0.05,0.97,0.01768166723453751,0.9931171527339899,0.97,0.01768166723453751,0.9576176765857717,0.0,True,False
bxaic__PAINS__gin__seed2026,bxaic,PAINS,gin,2026,gradinput,0.1,0.9400000000000001,0.08382610151860423,0.9576176765857717,0.9400000000000001,0.08382610151860423,0.9091218677307263,0.0,True,False
bxaic__PAINS__gin__seed2026,bxaic,PAINS,gin,2026,gradinput,0.2,0.88,0.18722644655084741,0.8975096610559893,0.88,0.18722644655084741,0.8085992408466761,0.0,True,False
bxaic__PAINS__gin__seed2026,bxaic,PAINS,gin,2026,ig,0.05,0.86,0.04617262499764448,0.8782821505199192,0.86,0.04617262499764448,0.9576176765857717,0.0,True,False
bxaic__PAINS__gin__seed2026,bxaic,PAINS,gin,2026,ig,0.1,0.74,0.09635292897676799,0.75809815428355,0.74,0.09635292897676799,0.9091218677307263,0.0,True,True
bxaic__PAINS__gin__seed2026,bxaic,PAINS,gin,2026,ig,0.2,0.55,0.19347451483720296,0.5674997794069838,0.55,0.19347451483720296,0.8085992408466761,0.0,True,True
bxaic__PAINS__gin__seed42,bxaic,PAINS,gin,42,gradinput,0.05,0.96,0.046151921580054565,0.9776360379657538,0.96,0.046151921580054565,0.9485539954456151,0.0,True,False
bxaic__PAINS__gin__seed42,bxaic,PAINS,gin,42,gradinput,0.1,0.93,0.09759007639426302,0.9485539954456151,0.93,0.09759007639426302,0.8975096610559893,0.0,True,False
bxaic__PAINS__gin__seed42,bxaic,PAINS,gin,42,gradinput,0.2,0.87,0.18913339246251923,0.888724311517938,0.87,0.18913339246251923,0.8085992408466761,0.0,True,False
bxaic__PAINS__gin__seed42,bxaic,PAINS,gin,42,ig,0.05,0.93,0.047156413217349695,0.9485539954456151,0.93,0.047156413217349695,0.9485539954456151,0.0,True,False
bxaic__PAINS__gin__seed42,bxaic,PAINS,gin,42,ig,0.1,0.84,0.10021768040983,0.8573713715364746,0.84,0.10021768040983,0.8975096610559893,0.0,False,False
bxaic__PAINS__gin__seed42,bxaic,PAINS,gin,42,ig,0.2,0.61,0.19964008105780326,0.628566785665255,0.61,0.19964008105780326,0.8085992408466761,0.0,True,True
bxaic__rings-count__gcn__seed123,bxaic,rings-count,gcn,123,gradinput,0.05,0.93,0.045360770329485184,0.9473877485874485,0.93,0.045360770329485184,0.9571779041803892,0.0,True,False
bxaic__rings-count__gcn__seed123,bxaic,rings-count,gcn,123,gradinput,0.1,0.88,0.0927757386435866,0.8966978540680908,0.88,0.0927757386435866,0.9084471118578897,0.0,True,False
bxaic__rings-count__gcn__seed123,bxaic,rings-count,gcn,123,gradinput,0.2,0.78,0.1937092871626025,0.7971579104548313,0.78,0.1937092871626025,0.807336124194903,0.0,True,True
bxaic__rings-count__gcn__seed123,bxaic,rings-count,gcn,123,ig,0.05,0.91,0.04944381788484199,0.9282105650069855,0.91,0.04944381788484199,0.9571779041803892,0.0,True,False
bxaic__rings-count__gcn__seed123,bxaic,rings-count,gcn,123,ig,0.1,0.86,0.09718923829231109,0.8772717462941478,0.86,0.09718923829231109,0.9084471118578897,0.0,True,False
bxaic__rings-count__gcn__seed123,bxaic,rings-count,gcn,123,ig,0.2,0.77,0.19548189760621637,0.788029965494949,0.77,0.19548189760621637,0.807336124194903,0.0,True,True
bxaic__rings-count__gcn__seed2026,bxaic,rings-count,gcn,2026,gradinput,0.05,0.9400000000000001,0.04909320896128647,0.9571779041803892,0.9400000000000001,0.04909320896128647,0.9571779041803892,0.0,True,False
bxaic__rings-count__gcn__seed2026,bxaic,rings-count,gcn,2026,gradinput,0.1,0.91,0.08525569381922454,0.9282105650069855,0.9,0.1013330885170764,0.9084471118578897,0.010000000000000009,True,False
bxaic__rings-count__gcn__seed2026,bxaic,rings-count,gcn,2026,gradinput,0.2,0.8200000000000001,0.19277609693436926,0.8372809697384443,0.8200000000000001,0.19277609693436926,0.807336124194903,0.0,True,False
bxaic__rings-count__gcn__seed2026,bxaic,rings-count,gcn,2026,ig,0.05,0.9400000000000001,0.042522028763468174,0.9571779041803892,0.9400000000000001,0.042522028763468174,0.9571779041803892,0.0,True,False
bxaic__rings-count__gcn__seed2026,bxaic,rings-count,gcn,2026,ig,0.1,0.89,0.09230346340263443,0.9084471118578897,0.89,0.09230346340263443,0.9084471118578897,0.0,True,False
bxaic__rings-count__gcn__seed2026,bxaic,rings-count,gcn,2026,ig,0.2,0.78,0.20136445464144712,0.7971579104548313,0.78,0.20136445464144712,0.807336124194903,0.0,False,True
bxaic__rings-count__gcn__seed42,bxaic,rings-count,gcn,42,gradinput,0.05,0.9400000000000001,0.04159695909506882,0.9571779041803892,0.9400000000000001,0.04159695909506882,0.9571779041803892,0.0,True,False
bxaic__rings-count__gcn__seed42,bxaic,rings-count,gcn,42,gradinput,0.1,0.89,0.09285890864191253,0.9084471118578897,0.89,0.09285890864191253,0.9084471118578897,0.0,True,False
bxaic__rings-count__gcn__seed42,bxaic,rings-count,gcn,42,gradinput,0.2,0.81,0.1830272975528062,0.8282350484191051,0.81,0.1830272975528062,0.807336124194903,0.0,True,False
bxaic__rings-count__gcn__seed42,bxaic,rings-count,gcn,42,ig,0.05,0.9400000000000001,0.045313450924812176,0.9571779041803892,0.9400000000000001,0.045313450924812176,0.9571779041803892,0.0,True,False
bxaic__rings-count__gcn__seed42,bxaic,rings-count,gcn,42,ig,0.1,0.89,0.09968211792662801,0.9084471118578897,0.89,0.09968211792662801,0.9084471118578897,0.0,True,False
bxaic__rings-count__gcn__seed42,bxaic,rings-count,gcn,42,ig,0.2,0.79,0.20069065166016328,0.807336124194903,0.79,0.20069065166016328,0.807336124194903,0.0,False,False
bxaic__rings-count__gin__seed123,bxaic,rings-count,gin,123,gradinput,0.05,0.9400000000000001,0.04364731403774411,0.9571779041803892,0.9400000000000001,0.04364731403774411,0.9571779041803892,0.0,True,False
bxaic__rings-count__gin__seed123,bxaic,rings-count,gin,123,gradinput,0.1,0.89,0.09613320832657868,0.9084471118578897,0.89,0.09613320832657868,0.9084471118578897,0.0,True,False
bxaic__rings-count__gin__seed123,bxaic,rings-count,gin,123,gradinput,0.2,0.81,0.18555027455611872,0.8282350484191051,0.81,0.18555027455611872,0.807336124194903,0.0,True,False
bxaic__rings-count__gin__seed123,bxaic,rings-count,gin,123,ig,0.05,0.9400000000000001,0.04223880691859901,0.9571779041803892,0.9400000000000001,0.04223880691859901,0.9571779041803892,0.0,True,False
bxaic__rings-count__gin__seed123,bxaic,rings-count,gin,123,ig,0.1,0.89,0.09182831535277988,0.9084471118578897,0.89,0.09182831535277988,0.9084471118578897,0.0,True,False
bxaic__rings-count__gin__seed123,bxaic,rings-count,gin,123,ig,0.2,0.8,0.19627309941015206,0.8137950848969696,0.8,0.19627309941015206,0.807336124194903,0.0,True,False
bxaic__rings-count__gin__seed2026,bxaic,rings-count,gin,2026,gradinput,0.05,0.9400000000000001,0.04505766570821939,0.9571779041803892,0.9400000000000001,0.04505766570821939,0.9571779041803892,0.0,True,False
bxaic__rings-count__gin__seed2026,bxaic,rings-count,gin,2026,gradinput,0.1,0.9,0.09149951973345447,0.915205996412866,0.9,0.09149951973345447,0.9084471118578897,0.0,True,False
bxaic__rings-count__gin__seed2026,bxaic,rings-count,gin,2026,gradinput,0.2,0.81,0.19314107490919258,0.8282350484191051,0.81,0.19314107490919258,0.807336124194903,0.0,True,False
bxaic__rings-count__gin__seed2026,bxaic,rings-count,gin,2026,ig,0.05,0.9400000000000001,0.04338702546587614,0.9571779041803892,0.9400000000000001,0.04338702546587614,0.9571779041803892,0.0,True,False
bxaic__rings-count__gin__seed2026,bxaic,rings-count,gin,2026,ig,0.1,0.9,0.09342659689856886,0.915205996412866,0.9,0.09342659689856886,0.9084471118578897,0.0,True,False
bxaic__rings-count__gin__seed2026,bxaic,rings-count,gin,2026,ig,0.2,0.81,0.19643598192875472,0.8282350484191051,0.81,0.19643598192875472,0.807336124194903,0.0,True,False
bxaic__rings-count__gin__seed42,bxaic,rings-count,gin,42,gradinput,0.05,0.9400000000000001,0.042785107782293885,0.9571779041803892,0.9400000000000001,0.042785107782293885,0.9571779041803892,0.0,True,False
bxaic__rings-count__gin__seed42,bxaic,rings-count,gin,42,gradinput,0.1,0.89,0.09460945557820033,0.9084471118578897,0.89,0.09460945557820033,0.9084471118578897,0.0,True,False
bxaic__rings-count__gin__seed42,bxaic,rings-count,gin,42,gradinput,0.2,0.8,0.19763976304555383,0.8137950848969696,0.8,0.19763976304555383,0.807336124194903,0.0,True,False
bxaic__rings-count__gin__seed42,bxaic,rings-count,gin,42,ig,0.05,0.9400000000000001,0.045282797284544145,0.9571779041803892,0.9400000000000001,0.045282797284544145,0.9571779041803892,0.0,True,False
bxaic__rings-count__gin__seed42,bxaic,rings-count,gin,42,ig,0.1,0.9,0.0941799224407364,0.915205996412866,0.9,0.0941799224407364,0.9084471118578897,0.0,True,False
bxaic__rings-count__gin__seed42,bxaic,rings-count,gin,42,ig,0.2,0.81,0.19734076932625677,0.8282350484191051,0.81,0.19734076932625677,0.807336124194903,0.0,True,False
bxaic__rings-max__gcn__seed123,bxaic,rings-max,gcn,123,gradinput,0.05,0.9400000000000001,0.043110111915075945,0.9522828292781326,0.93,0.05296361994359234,0.9611511715338094,0.010000000000000009,True,False
bxaic__rings-max__gcn__seed123,bxaic,rings-max,gcn,123,gradinput,0.1,0.9,0.08851722172782082,0.9101407650316404,0.89,0.09662183523723274,0.9026685530504263,0.010000000000000009,True,False
bxaic__rings-max__gcn__seed123,bxaic,rings-max,gcn,123,gradinput,0.2,0.75,0.18886268170678813,0.7587833363641836,0.74,0.19180550808681762,0.8031415724851435,0.010000000000000009,True,True
bxaic__rings-max__gcn__seed123,bxaic,rings-max,gcn,123,ig,0.05,0.9500000000000001,0.04271311519032363,0.9611511715338094,0.9500000000000001,0.04271311519032363,0.9611511715338094,0.0,True,False
bxaic__rings-max__gcn__seed123,bxaic,rings-max,gcn,123,ig,0.1,0.91,0.0910966984479162,0.9234847698070429,0.9,0.10232182893746497,0.9026685530504263,0.010000000000000009,True,False
bxaic__rings-max__gcn__seed123,bxaic,rings-max,gcn,123,ig,0.2,0.76,0.18804903970808423,0.7722412088975928,0.76,0.18804903970808423,0.8031415724851435,0.0,True,True
bxaic__rings-max__gcn__seed2026,bxaic,rings-max,gcn,2026,gradinput,0.05,0.9400000000000001,0.0417963666764612,0.9522828292781326,0.9400000000000001,0.0417963666764612,0.9522828292781326,0.0,True,False
bxaic__rings-max__gcn__seed2026,bxaic,rings-max,gcn,2026,gradinput,0.1,0.9,0.08896052427544164,0.9101407650316404,0.9,0.08896052427544164,0.9101407650316404,0.0,True,False
bxaic__rings-max__gcn__seed2026,bxaic,rings-max,gcn,2026,gradinput,0.2,0.81,0.18650788128057846,0.8221096957600588,0.81,0.18650788128057846,0.8103803802045462,0.0,True,False
bxaic__rings-max__gcn__seed2026,bxaic,rings-max,gcn,2026,ig,0.05,0.91,0.03760429808810908,0.9234847698070429,0.91,0.03760429808810908,0.9522828292781326,0.0,True,False
bxaic__rings-max__gcn__seed2026,bxaic,rings-max,gcn,2026,ig,0.1,0.87,0.08378128936502155,0.8831394062523965,0.86,0.09849945090796304,0.9101407650316404,0.010000000000000009,True,False
bxaic__rings-max__gcn__seed2026,bxaic,rings-max,gcn,2026,ig,0.2,0.79,0.18109891733377692,0.8031415724851435,0.79,0.18109891733377692,0.8103803802045462,0.0,True,False
bxaic__rings-max__gcn__seed42,bxaic,rings-max,gcn,42,gradinput,0.05,0.9400000000000001,0.046286866350622,0.9522828292781326,0.9400000000000001,0.046286866350622,0.9611511715338094,0.0,True,False
bxaic__rings-max__gcn__seed42,bxaic,rings-max,gcn,42,gradinput,0.1,0.9,0.0948870730361377,0.9101407650316404,0.9,0.0948870730361377,0.9101407650316404,0.0,True,False
bxaic__rings-max__gcn__seed42,bxaic,rings-max,gcn,42,gradinput,0.2,0.79,0.18236655785658296,0.8031415724851435,0.78,0.1915800517216424,0.8103803802045462,0.010000000000000009,True,False
bxaic__rings-max__gcn__seed42,bxaic,rings-max,gcn,42,ig,0.05,0.9500000000000001,0.050234885800340225,0.9611511715338094,0.9500000000000001,0.050234885800340225,0.9611511715338094,0.0,False,False
bxaic__rings-max__gcn__seed42,bxaic,rings-max,gcn,42,ig,0.1,0.92,0.08749858457981446,0.93310042311993,0.91,0.10146171378039295,0.9101407650316404,0.010000000000000009,True,False
bxaic__rings-max__gcn__seed42,bxaic,rings-max,gcn,42,ig,0.2,0.75,0.19804308054114947,0.7587833363641836,0.74,0.19999712328941607,0.8103803802045462,0.010000000000000009,True,True
bxaic__rings-max__gin__seed123,bxaic,rings-max,gin,123,gradinput,0.05,0.9500000000000001,0.05066426395282861,0.9611511715338094,0.9500000000000001,0.05066426395282861,0.9611511715338094,0.0,False,False
bxaic__rings-max__gin__seed123,bxaic,rings-max,gin,123,gradinput,0.1,0.91,0.09717035565724894,0.9234847698070429,0.91,0.09717035565724894,0.9026685530504263,0.0,True,False
bxaic__rings-max__gin__seed123,bxaic,rings-max,gin,123,gradinput,0.2,0.79,0.21277677626084987,0.8031415724851435,0.79,0.21277677626084987,0.8031415724851435,0.0,False,False
bxaic__rings-max__gin__seed123,bxaic,rings-max,gin,123,ig,0.05,0.96,0.0451529640086548,0.9726840117864035,0.96,0.0451529640086548,0.9611511715338094,0.0,True,False
bxaic__rings-max__gin__seed123,bxaic,rings-max,gin,123,ig,0.1,0.93,0.09765892384730589,0.9416332553306369,0.93,0.09765892384730589,0.9026685530504263,0.0,True,False
bxaic__rings-max__gin__seed123,bxaic,rings-max,gin,123,ig,0.2,0.81,0.19802173751253518,0.8221096957600588,0.81,0.19802173751253518,0.8031415724851435,0.0,True,False
bxaic__rings-max__gin__seed2026,bxaic,rings-max,gin,2026,gradinput,0.05,0.96,0.03581883905477929,0.9726840117864035,0.96,0.03581883905477929,0.9522828292781326,0.0,True,False
bxaic__rings-max__gin__seed2026,bxaic,rings-max,gin,2026,gradinput,0.1,0.92,0.08833164236156171,0.93310042311993,0.92,0.08833164236156171,0.9101407650316404,0.0,True,False
bxaic__rings-max__gin__seed2026,bxaic,rings-max,gin,2026,gradinput,0.2,0.84,0.17519167719148784,0.8519921301052331,0.8300000000000001,0.18261152285284538,0.8103803802045462,0.009999999999999898,True,False
bxaic__rings-max__gin__seed2026,bxaic,rings-max,gin,2026,ig,0.05,0.9500000000000001,0.03577913243767557,0.9611511715338094,0.9500000000000001,0.03577913243767557,0.9522828292781326,0.0,True,False
bxaic__rings-max__gin__seed2026,bxaic,rings-max,gin,2026,ig,0.1,0.91,0.08851679679242744,0.9234847698070429,0.91,0.08851679679242744,0.9101407650316404,0.0,True,False
bxaic__rings-max__gin__seed2026,bxaic,rings-max,gin,2026,ig,0.2,0.8300000000000001,0.18884016413306762,0.843407121398564,0.8300000000000001,0.18884016413306762,0.8103803802045462,0.0,True,False
bxaic__rings-max__gin__seed42,bxaic,rings-max,gin,42,gradinput,0.05,0.97,0.02879852211828127,0.9844822175393216,0.97,0.02879852211828127,0.9611511715338094,0.0,True,False
bxaic__rings-max__gin__seed42,bxaic,rings-max,gin,42,gradinput,0.1,0.9400000000000001,0.08241617074873374,0.9522828292781326,0.9400000000000001,0.08241617074873374,0.9101407650316404,0.0,True,False
bxaic__rings-max__gin__seed42,bxaic,rings-max,gin,42,gradinput,0.2,0.87,0.17950052804834857,0.8831394062523965,0.87,0.17950052804834857,0.8103803802045462,0.0,True,False
bxaic__rings-max__gin__seed42,bxaic,rings-max,gin,42,ig,0.05,0.96,0.04862105772396345,0.9726840117864035,0.96,0.04862105772396345,0.9611511715338094,0.0,True,False
bxaic__rings-max__gin__seed42,bxaic,rings-max,gin,42,ig,0.1,0.93,0.09994925441187473,0.9416332553306369,0.93,0.09994925441187473,0.9101407650316404,0.0,True,False
bxaic__rings-max__gin__seed42,bxaic,rings-max,gin,42,ig,0.2,0.87,0.19547544270885894,0.8831394062523965,0.87,0.19547544270885894,0.8103803802045462,0.0,True,False
bxaic__X__gcn__seed123,bxaic,X,gcn,123,gradinput,0.05,0.07,0.04717961481781467,0.08806591529839215,0.07,0.04717961481781467,0.9579065352268668,0.0,True,True
bxaic__X__gcn__seed123,bxaic,X,gcn,123,gradinput,0.1,0.05,0.09216811222480963,0.06814793693938972,0.05,0.09216811222480963,0.9087783882831856,0.0,True,True
bxaic__X__gcn__seed123,bxaic,X,gcn,123,gradinput,0.2,0.03,0.19825436198575816,0.0432521799187031,0.03,0.19825436198575816,0.8074700713056333,0.0,True,True
bxaic__X__gcn__seed123,bxaic,X,gcn,123,ig,0.05,0.07,0.04717961481781467,0.08806591529839215,0.07,0.04717961481781467,0.9579065352268668,0.0,True,True
bxaic__X__gcn__seed123,bxaic,X,gcn,123,ig,0.1,0.05,0.09216811222480963,0.06814793693938972,0.05,0.09216811222480963,0.9087783882831856,0.0,True,True
bxaic__X__gcn__seed123,bxaic,X,gcn,123,ig,0.2,0.03,0.19825436198575816,0.0432521799187031,0.03,0.19825436198575816,0.8074700713056333,0.0,True,True
bxaic__X__gcn__seed2026,bxaic,X,gcn,2026,gradinput,0.05,0.07,0.04717961481781467,0.08806591529839215,0.07,0.04717961481781467,0.9579065352268668,0.0,True,True
bxaic__X__gcn__seed2026,bxaic,X,gcn,2026,gradinput,0.1,0.05,0.09216811222480963,0.06814793693938972,0.05,0.09216811222480963,0.9087783882831856,0.0,True,True
bxaic__X__gcn__seed2026,bxaic,X,gcn,2026,gradinput,0.2,0.03,0.19825436198575816,0.0432521799187031,0.03,0.19825436198575816,0.8074700713056333,0.0,True,True
bxaic__X__gcn__seed2026,bxaic,X,gcn,2026,ig,0.05,0.07,0.04717961481781467,0.08806591529839215,0.07,0.04717961481781467,0.9579065352268668,0.0,True,True
bxaic__X__gcn__seed2026,bxaic,X,gcn,2026,ig,0.1,0.05,0.09216811222480963,0.06814793693938972,0.05,0.09216811222480963,0.9087783882831856,0.0,True,True
bxaic__X__gcn__seed2026,bxaic,X,gcn,2026,ig,0.2,0.03,0.19825436198575816,0.0432521799187031,0.03,0.19825436198575816,0.8074700713056333,0.0,True,True
bxaic__X__gcn__seed42,bxaic,X,gcn,42,gradinput,0.05,0.07,0.04717961481781467,0.08806591529839215,0.07,0.04717961481781467,0.9579065352268668,0.0,True,True
bxaic__X__gcn__seed42,bxaic,X,gcn,42,gradinput,0.1,0.05,0.09216811222480963,0.06814793693938972,0.05,0.09216811222480963,0.9087783882831856,0.0,True,True
bxaic__X__gcn__seed42,bxaic,X,gcn,42,gradinput,0.2,0.03,0.19825436198575816,0.0432521799187031,0.03,0.19825436198575816,0.8139701027796219,0.0,True,True
bxaic__X__gcn__seed42,bxaic,X,gcn,42,ig,0.05,0.07,0.04717961481781467,0.08806591529839215,0.07,0.04717961481781467,0.9579065352268668,0.0,True,True
bxaic__X__gcn__seed42,bxaic,X,gcn,42,ig,0.1,0.05,0.09216811222480963,0.06814793693938972,0.05,0.09216811222480963,0.9087783882831856,0.0,True,True
bxaic__X__gcn__seed42,bxaic,X,gcn,42,ig,0.2,0.03,0.19825436198575816,0.0432521799187031,0.03,0.19825436198575816,0.8139701027796219,0.0,True,True
bxaic__X__gin__seed123,bxaic,X,gin,123,gradinput,0.05,0.08,0.044821723870271,0.09632044155301722,0.08,0.044821723870271,0.9579065352268668,0.0,True,True
bxaic__X__gin__seed123,bxaic,X,gin,123,gradinput,0.1,0.06,0.08008940524000766,0.07771608055437464,0.06,0.08008940524000766,0.9087783882831856,0.0,True,True
bxaic__X__gin__seed123,bxaic,X,gin,123,gradinput,0.2,0.04,0.1471067744366823,0.057040252227443446,0.04,0.1471067744366823,0.8074700713056333,0.0,True,True
bxaic__X__gin__seed123,bxaic,X,gin,123,ig,0.05,0.07,0.04717961481781467,0.08806591529839215,0.07,0.04717961481781467,0.9579065352268668,0.0,True,True
bxaic__X__gin__seed123,bxaic,X,gin,123,ig,0.1,0.05,0.09216811222480963,0.06814793693938972,0.05,0.09216811222480963,0.9087783882831856,0.0,True,True
bxaic__X__gin__seed123,bxaic,X,gin,123,ig,0.2,0.03,0.19825436198575816,0.0432521799187031,0.03,0.19825436198575816,0.8074700713056333,0.0,True,True
bxaic__X__gin__seed2026,bxaic,X,gin,2026,gradinput,0.05,0.07,0.052610582385564666,0.08806591529839215,0.07,0.052610582385564666,0.9579065352268668,0.0,False,True
bxaic__X__gin__seed2026,bxaic,X,gin,2026,gradinput,0.1,0.05,0.09814833563947668,0.06814793693938972,0.05,0.09814833563947668,0.9087783882831856,0.0,True,True
bxaic__X__gin__seed2026,bxaic,X,gin,2026,gradinput,0.2,0.03,0.20347524551989474,0.0432521799187031,0.03,0.20347524551989474,0.8074700713056333,0.0,False,True
bxaic__X__gin__seed2026,bxaic,X,gin,2026,ig,0.05,0.07,0.047356794123271796,0.08806591529839215,0.07,0.047356794123271796,0.9579065352268668,0.0,True,True
bxaic__X__gin__seed2026,bxaic,X,gin,2026,ig,0.1,0.05,0.09234529153026674,0.06814793693938972,0.05,0.09234529153026674,0.9087783882831856,0.0,True,True
bxaic__X__gin__seed2026,bxaic,X,gin,2026,ig,0.2,0.03,0.1984315412912153,0.0432521799187031,0.03,0.1984315412912153,0.8074700713056333,0.0,True,True
bxaic__X__gin__seed42,bxaic,X,gin,42,gradinput,0.05,0.07,0.0474960064347024,0.08806591529839215,0.07,0.0474960064347024,0.9579065352268668,0.0,True,True
bxaic__X__gin__seed42,bxaic,X,gin,42,gradinput,0.1,0.05,0.09245497395745447,0.06814793693938972,0.05,0.09245497395745447,0.9087783882831856,0.0,True,True
bxaic__X__gin__seed42,bxaic,X,gin,42,gradinput,0.2,0.03,0.19849060105970098,0.0432521799187031,0.03,0.19849060105970098,0.8139701027796219,0.0,True,True
bxaic__X__gin__seed42,bxaic,X,gin,42,ig,0.05,0.07,0.04717961481781467,0.08806591529839215,0.07,0.04717961481781467,0.9579065352268668,0.0,True,True
bxaic__X__gin__seed42,bxaic,X,gin,42,ig,0.1,0.05,0.09216811222480963,0.06814793693938972,0.05,0.09216811222480963,0.9087783882831856,0.0,True,True
bxaic__X__gin__seed42,bxaic,X,gin,42,ig,0.2,0.03,0.19825436198575816,0.0432521799187031,0.03,0.19825436198575816,0.8139701027796219,0.0,True,True
google__benzene__gcn__seed123,google,benzene,gcn,123,gradinput,0.05,0.53,0.05653053847498292,0.5567606723247531,0.53,0.05653053847498292,0.954928581589565,0.0,False,True
google__benzene__gcn__seed123,google,benzene,gcn,123,gradinput,0.1,0.45,0.1100648267314934,0.47063527841021446,0.45,0.1100648267314934,0.9031661198214196,0.0,False,True
google__benzene__gcn__seed123,google,benzene,gcn,123,gradinput,0.2,0.34,0.216842437675771,0.36542967246860397,0.34,0.216842437675771,0.8011212563215974,0.0,False,True
google__benzene__gcn__seed123,google,benzene,gcn,123,ig,0.05,0.65,0.048072874461763344,0.670445452687567,0.65,0.048072874461763344,0.954928581589565,0.0,True,True
google__benzene__gcn__seed123,google,benzene,gcn,123,ig,0.1,0.55,0.0948621240287907,0.5716810705784846,0.55,0.0948621240287907,0.9031661198214196,0.0,True,True
google__benzene__gcn__seed123,google,benzene,gcn,123,ig,0.2,0.42,0.1952970827970828,0.44483405966213585,0.41000000000000003,0.20438255716033493,0.8011212563215974,0.009999999999999953,True,True
google__benzene__gcn__seed2026,google,benzene,gcn,2026,gradinput,0.05,0.59,0.047211695822806925,0.6108220997251971,0.59,0.047211695822806925,0.954928581589565,0.0,True,True
google__benzene__gcn__seed2026,google,benzene,gcn,2026,gradinput,0.1,0.49,0.1034220728665173,0.5119776375360348,0.49,0.1034220728665173,0.9031661198214196,0.0,False,True
google__benzene__gcn__seed2026,google,benzene,gcn,2026,gradinput,0.2,0.39,0.20478752562085895,0.41034862405990574,0.39,0.20478752562085895,0.8011212563215974,0.0,False,True
google__benzene__gcn__seed2026,google,benzene,gcn,2026,ig,0.05,0.61,0.05021092521092521,0.6361218790829477,0.61,0.05021092521092521,0.954928581589565,0.0,False,True
google__benzene__gcn__seed2026,google,benzene,gcn,2026,ig,0.1,0.51,0.10471900471900474,0.5344928656068183,0.51,0.10471900471900474,0.9031661198214196,0.0,False,True
google__benzene__gcn__seed2026,google,benzene,gcn,2026,ig,0.2,0.39,0.2082779207779208,0.41034862405990574,0.39,0.2082779207779208,0.8011212563215974,0.0,False,True
google__benzene__gcn__seed42,google,benzene,gcn,42,gradinput,0.05,0.5700000000000001,0.05233229261007039,0.5944864363307101,0.56,0.05664970526081637,0.954928581589565,0.010000000000000009,False,True
google__benzene__gcn__seed42,google,benzene,gcn,42,gradinput,0.1,0.48,0.10053188108743663,0.5040497096081068,0.48,0.10053188108743663,0.9031661198214196,0.0,False,True
google__benzene__gcn__seed42,google,benzene,gcn,42,gradinput,0.2,0.37,0.1934198086975865,0.39429563578469523,0.37,0.1934198086975865,0.8011212563215974,0.0,True,True
google__benzene__gcn__seed42,google,benzene,gcn,42,ig,0.05,0.5700000000000001,0.05069315347093124,0.5944864363307101,0.5700000000000001,0.05069315347093124,0.954928581589565,0.0,False,True
google__benzene__gcn__seed42,google,benzene,gcn,42,ig,0.1,0.47000000000000003,0.10280220696887363,0.48970983081810027,0.47000000000000003,0.10280220696887363,0.9031661198214196,0.0,False,True
google__benzene__gcn__seed42,google,benzene,gcn,42,ig,0.2,0.35000000000000003,0.20233904539460096,0.37602505045528634,0.35000000000000003,0.20233904539460096,0.8011212563215974,0.0,False,True
google__benzene__gin__seed123,google,benzene,gin,123,gradinput,0.05,0.96,0.018115337559782008,0.9920720720720722,0.96,0.018115337559782008,0.954928581589565,0.0,True,False
google__benzene__gin__seed123,google,benzene,gin,123,gradinput,0.1,0.9400000000000001,0.09441922080810969,0.9575645508922009,0.9400000000000001,0.09441922080810969,0.9031661198214196,0.0,True,False
google__benzene__gin__seed123,google,benzene,gin,123,gradinput,0.2,0.89,0.1750850056405612,0.9150522543219332,0.89,0.1750850056405612,0.8011212563215974,0.0,True,False
google__benzene__gin__seed123,google,benzene,gin,123,ig,0.05,0.63,0.05305464194353083,0.6521748673581581,0.62,0.05481811176255621,0.954928581589565,0.010000000000000009,False,True
google__benzene__gin__seed123,google,benzene,gin,123,ig,0.1,0.51,0.10026653637764749,0.5344928656068183,0.51,0.10026653637764749,0.9031661198214196,0.0,False,True
google__benzene__gin__seed123,google,benzene,gin,123,ig,0.2,0.38,0.19929453262786595,0.40338806154378765,0.38,0.19929453262786595,0.8011212563215974,0.0,True,True
google__benzene__gin__seed2026,google,benzene,gin,2026,gradinput,0.05,0.88,0.04685677741233297,0.9031661198214196,0.88,0.04685677741233297,0.954928581589565,0.0,True,False
google__benzene__gin__seed2026,google,benzene,gin,2026,gradinput,0.1,0.81,0.08559213975880642,0.8355199614449401,0.8,0.09895192811859478,0.9031661198214196,0.010000000000000009,True,False
google__benzene__gin__seed2026,google,benzene,gin,2026,gradinput,0.2,0.67,0.18302270524492747,0.6966818685375092,0.67,0.18302270524492747,0.8011212563215974,0.0,True,True
google__benzene__gin__seed2026,google,benzene,gin,2026,ig,0.05,0.85,0.04237372292927848,0.8725548384855007,0.85,0.04237372292927848,0.954928581589565,0.0,True,False
google__benzene__gin__seed2026,google,benzene,gin,2026,ig,0.1,0.79,0.09405278294167183,0.8109944835861289,0.79,0.09405278294167183,0.9031661198214196,0.0,True,False
google__benzene__gin__seed2026,google,benzene,gin,2026,ig,0.2,0.6900000000000001,0.20004508476730698,0.7147563066119474,0.6900000000000001,0.20004508476730698,0.8011212563215974,0.0,False,True
google__benzene__gin__seed42,google,benzene,gin,42,gradinput,0.05,0.92,0.04372527289193956,0.9461096527706361,0.91,0.05547174158285269,0.954928581589565,0.010000000000000009,True,False
google__benzene__gin__seed42,google,benzene,gin,42,gradinput,0.1,0.8300000000000001,0.10928329122773567,0.8503733407484473,0.8300000000000001,0.10928329122773567,0.9031661198214196,0.0,False,False
google__benzene__gin__seed42,google,benzene,gin,42,gradinput,0.2,0.59,0.20882708104930325,0.6108220997251971,0.58,0.21228609561942896,0.8011212563215974,0.010000000000000009,False,True
google__benzene__gin__seed42,google,benzene,gin,42,ig,0.05,0.84,0.052360296804741246,0.8611619070925692,0.84,0.052360296804741246,0.954928581589565,0.0,False,False
google__benzene__gin__seed42,google,benzene,gin,42,ig,0.1,0.73,0.10225344392011057,0.7551707536987445,0.73,0.10225344392011057,0.9031661198214196,0.0,False,True
google__benzene__gin__seed42,google,benzene,gin,42,ig,0.2,0.58,0.2010250329694774,0.6016364434807174,0.58,0.2010250329694774,0.8011212563215974,0.0,False,True
google__logic10__gcn__seed123,google,logic10,gcn,123,gradinput,0.05,0.89,0.04893789246467817,0.9140376849550449,0.88,0.057660419937205644,0.9549678417887855,0.010000000000000009,True,False
google__logic10__gcn__seed123,google,logic10,gcn,123,gradinput,0.1,0.81,0.0879145408163265,0.8360362351772493,0.8,0.0958014455782313,0.9043177969998629,0.010000000000000009,True,False
google__logic10__gcn__seed123,google,logic10,gcn,123,gradinput,0.2,0.64,0.19762718680129396,0.662685584918506,0.63,0.20422917855953568,0.7935035142409447,0.010000000000000009,True,True
google__logic10__gcn__seed123,google,logic10,gcn,123,ig,0.05,0.77,0.053880085688121394,0.7935035142409447,0.76,0.061560946493982194,0.9549678417887855,0.010000000000000009,False,True
google__logic10__gcn__seed123,google,logic10,gcn,123,ig,0.1,0.67,0.10199807632843347,0.6977497682005145,0.67,0.10199807632843347,0.9043177969998629,0.0,False,True
google__logic10__gcn__seed123,google,logic10,gcn,123,ig,0.2,0.53,0.1983454789258361,0.5587607636297947,0.53,0.1983454789258361,0.7935035142409447,0.0,True,True
google__logic10__gcn__seed2026,google,logic10,gcn,2026,gradinput,0.05,0.88,0.047338190083725785,0.9043177969998629,0.87,0.04912390436944007,0.9549678417887855,0.010000000000000009,True,False
google__logic10__gcn__seed2026,google,logic10,gcn,2026,gradinput,0.1,0.8,0.09742404173207743,0.8213806229323514,0.79,0.10058338239141808,0.9140376849550449,0.010000000000000009,True,False
google__logic10__gcn__seed2026,google,logic10,gcn,2026,gradinput,0.2,0.63,0.1937581391822463,0.6531162069280754,0.62,0.19878046061081775,0.814312170551399,0.010000000000000009,True,True
google__logic10__gcn__seed2026,google,logic10,gcn,2026,ig,0.05,0.9500000000000001,0.042410305468341174,0.9664182278642682,0.9400000000000001,0.05559711865515436,0.9549678417887855,0.010000000000000009,True,False
google__logic10__gcn__seed2026,google,logic10,gcn,2026,ig,0.1,0.89,0.09170814304742876,0.9140376849550449,0.89,0.09170814304742876,0.9140376849550449,0.0,True,False
google__logic10__gcn__seed2026,google,logic10,gcn,2026,ig,0.2,0.64,0.19307277543884685,0.662685584918506,0.63,0.2011256600542315,0.814312170551399,0.010000000000000009,True,True
google__logic10__gcn__seed42,google,logic10,gcn,42,gradinput,0.05,0.8300000000000001,0.03957760989010988,0.8516688901661222,0.81,0.04289393642072213,0.9549678417887855,0.020000000000000018,True,False
google__logic10__gcn__seed42,google,logic10,gcn,42,gradinput,0.1,0.73,0.07869121206174776,0.7549440500024239,0.73,0.07869121206174776,0.9043177969998629,0.0,True,True
google__logic10__gcn__seed42,google,logic10,gcn,42,gradinput,0.2,0.56,0.17849330728795015,0.5846027341592651,0.56,0.17849330728795015,0.801349834587265,0.0,True,True
google__logic10__gcn__seed42,google,logic10,gcn,42,ig,0.05,0.73,0.05627430605109175,0.7549440500024239,0.72,0.06060695257123827,0.9549678417887855,0.010000000000000009,False,True
google__logic10__gcn__seed42,google,logic10,gcn,42,ig,0.1,0.63,0.10448532122639266,0.6531162069280754,0.63,0.10448532122639266,0.9043177969998629,0.0,False,True
google__logic10__gcn__seed42,google,logic10,gcn,42,ig,0.2,0.53,0.19589012178297893,0.5587607636297947,0.53,0.19589012178297893,0.801349834587265,0.0,True,True
google__logic10__gin__seed123,google,logic10,gin,123,gradinput,0.05,0.96,0.006994047619047618,0.995357142857143,0.96,0.006994047619047618,0.9549678417887855,0.0,True,False
google__logic10__gin__seed123,google,logic10,gin,123,gradinput,0.1,0.93,0.07653243334046904,0.9549678417887855,0.92,0.08888362381665951,0.9043177969998629,0.010000000000000009,True,False
google__logic10__gin__seed123,google,logic10,gin,123,gradinput,0.2,0.88,0.17029243078350217,0.9043177969998629,0.87,0.18898233462965605,0.7935035142409447,0.010000000000000009,True,False
google__logic10__gin__seed123,google,logic10,gin,123,ig,0.05,0.8300000000000001,0.04171531593406592,0.8516688901661222,0.81,0.05038878532182102,0.9549678417887855,0.020000000000000018,True,False
google__logic10__gin__seed123,google,logic10,gin,123,ig,0.1,0.74,0.10408936301793445,0.7666308757624763,0.73,0.1112322201607916,0.9043177969998629,0.010000000000000009,False,True
google__logic10__gin__seed123,google,logic10,gin,123,ig,0.2,0.64,0.19086389800675516,0.662685584918506,0.63,0.20134025200989486,0.7935035142409447,0.010000000000000009,True,True
google__logic10__gin__seed2026,google,logic10,gin,2026,gradinput,0.05,0.9500000000000001,0.043146176739926725,0.9664182278642682,0.9500000000000001,0.043146176739926725,0.9549678417887855,0.0,True,False
google__logic10__gin__seed2026,google,logic10,gin,2026,gradinput,0.1,0.91,0.09561584249084246,0.9336198180475164,0.91,0.09561584249084246,0.9140376849550449,0.0,True,False
google__logic10__gin__seed2026,google,logic10,gin,2026,gradinput,0.2,0.84,0.20023462400694544,0.8617135330232651,0.84,0.20023462400694544,0.814312170551399,0.0,False,False
google__logic10__gin__seed2026,google,logic10,gin,2026,ig,0.05,0.93,0.048789082940868644,0.9549678417887855,0.93,0.048789082940868644,0.9549678417887855,0.0,True,False
google__logic10__gin__seed2026,google,logic10,gin,2026,ig,0.1,0.86,0.09747696499928642,0.883717529966172,0.85,0.10262806390038534,0.9140376849550449,0.010000000000000009,True,False
google__logic10__gin__seed2026,google,logic10,gin,2026,ig,0.2,0.67,0.20551264211978498,0.6977497682005145,0.67,0.20551264211978498,0.814312170551399,0.0,False,True
google__logic10__gin__seed42,google,logic10,gin,42,gradinput,0.05,0.96,0.008779761904761903,0.995357142857143,0.96,0.008779761904761903,0.9549678417887855,0.0,True,False
google__logic10__gin__seed42,google,logic10,gin,42,gradinput,0.1,0.92,0.08134116627420197,0.9476758480682204,0.92,0.08134116627420197,0.9043177969998629,0.0,True,False
google__logic10__gin__seed42,google,logic10,gin,42,gradinput,0.2,0.86,0.17674156200941912,0.883717529966172,0.86,0.17674156200941912,0.801349834587265,0.0,True,False
google__logic10__gin__seed42,google,logic10,gin,42,ig,0.05,0.9500000000000001,0.04335077125255695,0.9664182278642682,0.9500000000000001,0.04335077125255695,0.9549678417887855,0.0,True,False
google__logic10__gin__seed42,google,logic10,gin,42,ig,0.1,0.87,0.09142483260786831,0.8955752374760533,0.85,0.09831258770990914,0.9043177969998629,0.020000000000000018,True,False
google__logic10__gin__seed42,google,logic10,gin,42,ig,0.2,0.6900000000000001,0.1989865045668617,0.7136361104766592,0.6900000000000001,0.1989865045668617,0.801349834587265,0.0,True,True
google__logic7__gcn__seed123,google,logic7,gcn,123,gradinput,0.05,0.88,0.014716312056737586,0.905415527160543,0.87,0.018971631205673755,0.9948936170212765,0.010000000000000009,True,False
google__logic7__gcn__seed123,google,logic7,gcn,123,gradinput,0.1,0.81,0.03652482269503545,0.833329619256579,0.8,0.04078014184397163,0.9390069354229216,0.010000000000000009,True,False
google__logic7__gcn__seed123,google,logic7,gcn,123,gradinput,0.2,0.65,0.11068895643363728,0.6737756827697773,0.61,0.1337386018237082,0.8178888897732962,0.040000000000000036,True,True
google__logic7__gcn__seed123,google,logic7,gcn,123,ig,0.05,0.81,0.022517730496453895,0.833329619256579,0.79,0.03209219858156028,0.9948936170212765,0.020000000000000018,True,False
google__logic7__gcn__seed123,google,logic7,gcn,123,ig,0.1,0.72,0.0576241134751773,0.7399967108726914,0.6900000000000001,0.07573454913880447,0.9390069354229216,0.029999999999999916,True,True
google__logic7__gcn__seed123,google,logic7,gcn,123,ig,0.2,0.51,0.128774062816616,0.5366178184953944,0.49,0.1356889564336373,0.8178888897732962,0.020000000000000018,True,True
google__logic7__gcn__seed2026,google,logic7,gcn,2026,gradinput,0.05,0.96,0.014893617021276595,0.9948936170212765,0.96,0.014893617021276595,0.9546910462550436,0.0,True,False
google__logic7__gcn__seed2026,google,logic7,gcn,2026,gradinput,0.1,0.93,0.08138297872340425,0.9546910462550436,0.92,0.0927304964539007,0.8983233285789827,0.010000000000000009,True,False
google__logic7__gcn__seed2026,google,logic7,gcn,2026,gradinput,0.2,0.87,0.19311043566362718,0.8983233285789827,0.85,0.2085612968591692,0.813456265659821,0.020000000000000018,True,False
google__logic7__gcn__seed2026,google,logic7,gcn,2026,ig,0.05,0.6900000000000001,0.030344478216818647,0.7178330720591641,0.66,0.0333839918946302,0.9546910462550436,0.030000000000000027,True,True
google__logic7__gcn__seed2026,google,logic7,gcn,2026,ig,0.1,0.6,0.05997973657548126,0.6218405892071917,0.59,0.06529888551165147,0.8983233285789827,0.010000000000000009,True,True
google__logic7__gcn__seed2026,google,logic7,gcn,2026,ig,0.2,0.48,0.13958966565349543,0.5051045091097445,0.48,0.13958966565349543,0.813456265659821,0.0,True,True
google__logic7__gcn__seed42,google,logic7,gcn,42,gradinput,0.05,0.9,0.011170212765957446,0.915132937080838,0.81,0.03386524822695035,0.9573506207231287,0.08999999999999997,True,False
google__logic7__gcn__seed42,google,logic7,gcn,42,gradinput,0.1,0.71,0.05514184397163121,0.7323979266781626,0.6900000000000001,0.06471631205673757,0.8983233285789827,0.019999999999999907,True,True
google__logic7__gcn__seed42,google,logic7,gcn,42,gradinput,0.2,0.51,0.15075987841945288,0.5366178184953944,0.51,0.15075987841945288,0.7779750728064551,0.0,True,True
google__logic7__gcn__seed42,google,logic7,gcn,42,ig,0.05,0.74,0.023581560283687946,0.7666275550759587,0.62,0.05354609929078015,0.9573506207231287,0.12,True,True
google__logic7__gcn__seed42,google,logic7,gcn,42,ig,0.1,0.56,0.06793313069908814,0.584373580750989,0.55,0.07218844984802432,0.8983233285789827,0.010000000000000009,True,True
google__logic7__gcn__seed42,google,logic7,gcn,42,ig,0.2,0.41000000000000003,0.15643363728470114,0.43852777321419467,0.39,0.1684903748733536,0.7779750728064551,0.020000000000000018,True,True
google__logic7__gin__seed123,google,logic7,gin,123,gradinput,0.05,0.97,0.0,1.0,0.96,0.016666666666666663,0.9948936170212765,0.010000000000000009,True,False
google__logic7__gin__seed123,google,logic7,gin,123,gradinput,0.1,0.96,0.016666666666666663,0.9948936170212765,0.96,0.016666666666666663,0.9390069354229216,0.0,True,False
google__logic7__gin__seed123,google,logic7,gin,123,gradinput,0.2,0.93,0.1567629179331307,0.9546910462550436,0.92,0.1833586626139818,0.8178888897732962,0.010000000000000009,True,False
google__logic7__gin__seed123,google,logic7,gin,123,ig,0.05,0.79,0.0349290780141844,0.813456265659821,0.74,0.04911347517730497,0.9948936170212765,0.050000000000000044,True,False
google__logic7__gin__seed123,google,logic7,gin,123,ig,0.1,0.67,0.06223404255319149,0.6931680002888293,0.61,0.08421985815602837,0.9390069354229216,0.06000000000000005,True,True
google__logic7__gin__seed123,google,logic7,gin,123,ig,0.2,0.42,0.15443262411347516,0.4442119617832392,0.39,0.16241134751773048,0.8178888897732962,0.02999999999999997,True,True
google__logic7__gin__seed2026,google,logic7,gin,2026,gradinput,0.05,0.9500000000000001,0.05567375886524823,0.9619616476647003,0.93,0.06099290780141844,0.9546910462550436,0.020000000000000018,False,False
google__logic7__gin__seed2026,google,logic7,gin,2026,gradinput,0.1,0.89,0.10676291793313071,0.9117734745948357,0.88,0.11385511651469099,0.8983233285789827,0.010000000000000009,False,False
google__logic7__gin__seed2026,google,logic7,gin,2026,gradinput,0.2,0.79,0.16955420466058763,0.813456265659821,0.76,0.2089159067882472,0.813456265659821,0.030000000000000027,True,False
google__logic7__gin__seed2026,google,logic7,gin,2026,ig,0.05,0.96,0.004255319148936169,0.9948936170212765,0.96,0.004255319148936169,0.9546910462550436,0.0,True,False
google__logic7__gin__seed2026,google,logic7,gin,2026,ig,0.1,0.92,0.09609929078014186,0.9480649064374145,0.91,0.10744680851063831,0.8983233285789827,0.010000000000000009,True,False
google__logic7__gin__seed2026,google,logic7,gin,2026,ig,0.2,0.81,0.19860688956433636,0.833329619256579,0.8,0.22646909827760892,0.813456265659821,0.010000000000000009,True,False
google__logic7__gin__seed42,google,logic7,gin,42,gradinput,0.05,0.96,0.016666666666666663,0.9948936170212765,0.96,0.016666666666666663,0.9573506207231287,0.0,True,False
google__logic7__gin__seed42,google,logic7,gin,42,gradinput,0.1,0.93,0.07272036474164133,0.9546910462550436,0.92,0.09222391084093212,0.8983233285789827,0.010000000000000009,True,False
google__logic7__gin__seed42,google,logic7,gin,42,gradinput,0.2,0.89,0.16742654508611957,0.9117734745948357,0.89,0.16742654508611957,0.7779750728064551,0.0,True,False
google__logic7__gin__seed42,google,logic7,gin,42,ig,0.05,0.91,0.030673758865248226,0.9390069354229216,0.86,0.03918439716312057,0.9573506207231287,0.050000000000000044,True,False
google__logic7__gin__seed42,google,logic7,gin,42,ig,0.1,0.74,0.09169199594731509,0.7666275550759587,0.73,0.0987841945288754,0.8983233285789827,0.010000000000000009,True,True
google__logic7__gin__seed42,google,logic7,gin,42,ig,0.2,0.53,0.1511144883485309,0.5570396026723302,0.51,0.1589159067882472,0.7779750728064551,0.020000000000000018,True,True
google__logic8__gcn__seed123,google,logic8,gcn,123,gradinput,0.05,0.93,0.03935923677771504,0.9552677229464129,0.93,0.03935923677771504,0.9552677229464129,0.0,True,False
google__logic8__gcn__seed123,google,logic8,gcn,123,gradinput,0.1,0.88,0.0950292913608131,0.9024191886597204,0.88,0.0950292913608131,0.9024191886597204,0.0,True,False
google__logic8__gcn__seed123,google,logic8,gcn,123,gradinput,0.2,0.78,0.17387716450216448,0.8022864282947143,0.78,0.17387716450216448,0.8022864282947143,0.0,True,False
google__logic8__gcn__seed123,google,logic8,gcn,123,ig,0.05,0.93,0.03330314009661836,0.9552677229464129,0.93,0.03330314009661836,0.9552677229464129,0.0,True,False
google__logic8__gcn__seed123,google,logic8,gcn,123,ig,0.1,0.84,0.08462811343246124,0.8602399673880892,0.8300000000000001,0.09011465587552545,0.9024191886597204,0.009999999999999898,True,False
google__logic8__gcn__seed123,google,logic8,gcn,123,ig,0.2,0.66,0.1731046881862099,0.6815097985819859,0.65,0.1778665929481147,0.8022864282947143,0.010000000000000009,True,True
google__logic8__gcn__seed2026,google,logic8,gcn,2026,gradinput,0.05,0.9500000000000001,0.03370427881297446,0.9635620995261828,0.93,0.0455919834995922,0.9552677229464129,0.020000000000000018,True,False
google__logic8__gcn__seed2026,google,logic8,gcn,2026,gradinput,0.1,0.89,0.08178112648221343,0.9154662190660858,0.89,0.08178112648221343,0.9024191886597204,0.0,True,False
google__logic8__gcn__seed2026,google,logic8,gcn,2026,gradinput,0.2,0.76,0.17071432492628144,0.7782340988395715,0.76,0.17071432492628144,0.8099775606624959,0.0,True,True
google__logic8__gcn__seed2026,google,logic8,gcn,2026,ig,0.05,0.9500000000000001,0.05314891931739757,0.9635620995261828,0.9500000000000001,0.05314891931739757,0.9552677229464129,0.0,False,False
google__logic8__gcn__seed2026,google,logic8,gcn,2026,ig,0.1,0.91,0.0917946938327373,0.9329327485320431,0.91,0.0917946938327373,0.9024191886597204,0.0,True,False
google__logic8__gcn__seed2026,google,logic8,gcn,2026,ig,0.2,0.8300000000000001,0.20318244557374993,0.8514839287407462,0.8300000000000001,0.20318244557374993,0.8099775606624959,0.0,False,False
google__logic8__gcn__seed42,google,logic8,gcn,42,gradinput,0.05,0.96,0.013763802622498274,0.991304347826087,0.9500000000000001,0.05100931677018634,0.9580983388884418,0.009999999999999898,True,False
google__logic8__gcn__seed42,google,logic8,gcn,42,gradinput,0.1,0.91,0.08121980676328501,0.9329327485320431,0.91,0.08121980676328501,0.9154662190660858,0.0,True,False
google__logic8__gcn__seed42,google,logic8,gcn,42,gradinput,0.2,0.81,0.17051453980801806,0.8370997138716055,0.81,0.17051453980801806,0.8099775606624959,0.0,True,False
google__logic8__gcn__seed42,google,logic8,gcn,42,ig,0.05,0.96,0.027254101574753747,0.991304347826087,0.96,0.027254101574753747,0.9580983388884418,0.0,True,False
google__logic8__gcn__seed42,google,logic8,gcn,42,ig,0.1,0.96,0.027254101574753747,0.991304347826087,0.9500000000000001,0.10404412917999874,0.9154662190660858,0.009999999999999898,True,False
google__logic8__gcn__seed42,google,logic8,gcn,42,ig,0.2,0.89,0.181968951941778,0.9154662190660858,0.88,0.1966669803626325,0.8099775606624959,0.010000000000000009,True,False
google__logic8__gin__seed123,google,logic8,gin,123,gradinput,0.05,0.96,0.021838924963924967,0.991304347826087,0.96,0.021838924963924967,0.9552677229464129,0.0,True,False
google__logic8__gin__seed123,google,logic8,gin,123,gradinput,0.1,0.9500000000000001,0.08280985319028797,0.9635620995261828,0.9400000000000001,0.09151844532279313,0.9024191886597204,0.010000000000000009,True,False
google__logic8__gin__seed123,google,logic8,gin,123,gradinput,0.2,0.89,0.18239440209548904,0.9154662190660858,0.89,0.18239440209548904,0.8022864282947143,0.0,True,False
google__logic8__gin__seed123,google,logic8,gin,123,ig,0.05,0.89,0.039412957211870256,0.9154662190660858,0.89,0.039412957211870256,0.9552677229464129,0.0,True,False
google__logic8__gin__seed123,google,logic8,gin,123,ig,0.1,0.85,0.09399644739318651,0.8710699269022593,0.85,0.09399644739318651,0.9024191886597204,0.0,True,False
google__logic8__gin__seed123,google,logic8,gin,123,ig,0.2,0.77,0.195086148754627,0.7942440479697253,0.76,0.2085609589685676,0.8022864282947143,0.010000000000000009,True,True
google__logic8__gin__seed2026,google,logic8,gin,2026,gradinput,0.05,0.96,0.014478049124788258,0.991304347826087,0.96,0.014478049124788258,0.9552677229464129,0.0,True,False
google__logic8__gin__seed2026,google,logic8,gin,2026,gradinput,0.1,0.93,0.0625782279314888,0.9552677229464129,0.93,0.0625782279314888,0.9024191886597204,0.0,True,False
google__logic8__gin__seed2026,google,logic8,gin,2026,gradinput,0.2,0.87,0.1597410439801744,0.8946066886597205,0.86,0.17473002540937324,0.8099775606624959,0.010000000000000009,True,False
google__logic8__gin__seed2026,google,logic8,gin,2026,ig,0.05,0.85,0.03914376686115816,0.8710699269022593,0.84,0.043114373549156156,0.9552677229464129,0.010000000000000009,True,False
google__logic8__gin__seed2026,google,logic8,gin,2026,ig,0.1,0.76,0.08729825428194993,0.7782340988395715,0.74,0.09622251239099065,0.9024191886597204,0.020000000000000018,True,True
google__logic8__gin__seed2026,google,logic8,gin,2026,ig,0.2,0.58,0.18751940993788818,0.6011127982184234,0.58,0.18751940993788818,0.8099775606624959,0.0,True,True
google__logic8__gin__seed42,google,logic8,gin,42,gradinput,0.05,0.9500000000000001,0.040379336846728155,0.9635620995261828,0.9500000000000001,0.040379336846728155,0.9580983388884418,0.0,True,False
google__logic8__gin__seed42,google,logic8,gin,42,gradinput,0.1,0.91,0.07647162619988707,0.9329327485320431,0.91,0.07647162619988707,0.9154662190660858,0.0,True,False
google__logic8__gin__seed42,google,logic8,gin,42,gradinput,0.2,0.8200000000000001,0.17886826337913292,0.8440475893656765,0.8200000000000001,0.17886826337913292,0.8099775606624959,0.0,True,False
google__logic8__gin__seed42,google,logic8,gin,42,ig,0.05,0.91,0.037953486730660645,0.9329327485320431,0.91,0.037953486730660645,0.9580983388884418,0.0,True,False
google__logic8__gin__seed42,google,logic8,gin,42,ig,0.1,0.86,0.09056520170650605,0.8816677529892157,0.86,0.09056520170650605,0.9154662190660858,0.0,True,False
google__logic8__gin__seed42,google,logic8,gin,42,ig,0.2,0.76,0.19430308519982428,0.7782340988395715,0.76,0.19430308519982428,0.8099775606624959,0.0,True,True
