cell_id,family,task,model,seed,explainer,predictor_competence_pass,test_auroc,n_calibration_rationale,n_test_rationale,fraction_grid,test_risk,mean_atom_fraction,precision,iou,random_test_risk,random_mean_atom_fraction,atom_fraction_saving_vs_random,fixed20_risk,fixed50_risk,risk_pass,efficiency_pass,oracle_fraction,oracle_calibration_risk,oracle_corrected_risk,oracle_n_calibration_rationale,oracle_test_risk,oracle_test_mean_atom_fraction,oracle_test_median_atom_fraction,oracle_test_precision,oracle_test_iou,oracle_n_test_rationale,excess_mean_atom_fraction,recoverable_efficiency,oracle_efficiency_pass
bxaic__B__gcn__seed123,bxaic,B,gcn,123,gradinput,True,1.0,119,109,0.01,0.0290519877675841,0.0386003571497199,0.9908256880733946,0.9617737003058104,0.1330275229357798,0.9109252060222288,0.8723248488725088,0.0,0.0,True,True,0.01,0.012605042016806723,0.020833333333333332,119,0.029051987767584102,0.03860035714971998,0.037037037037037035,0.9908256880733946,0.9617737003058103,109,-8.326672684688674e-17,1.0000000000000002,True
bxaic__B__gcn__seed123,bxaic,B,gcn,123,ig,True,1.0,119,109,0.01,0.0290519877675841,0.0386003571497199,0.9908256880733946,0.9617737003058104,0.1330275229357798,0.9109252060222288,0.8723248488725088,0.0,0.0,True,True,0.01,0.012605042016806723,0.020833333333333332,119,0.029051987767584102,0.03860035714971998,0.037037037037037035,0.9908256880733946,0.9617737003058103,109,-8.326672684688674e-17,1.0000000000000002,True
bxaic__B__gcn__seed2026,bxaic,B,gcn,2026,gradinput,True,1.0,119,109,0.01,0.0290519877675841,0.0386003571497199,0.9908256880733946,0.9617737003058104,0.1131498470948012,0.8893335038811342,0.8507331467314142,0.0,0.0,True,True,0.01,0.012605042016806723,0.020833333333333332,119,0.029051987767584102,0.03860035714971998,0.037037037037037035,0.9908256880733946,0.9617737003058103,109,-8.326672684688674e-17,1.0000000000000002,True
bxaic__B__gcn__seed2026,bxaic,B,gcn,2026,ig,True,1.0,119,109,0.01,0.0290519877675841,0.0386003571497199,0.9908256880733946,0.9617737003058104,0.1131498470948012,0.8893335038811342,0.8507331467314142,0.0,0.0,True,True,0.01,0.012605042016806723,0.020833333333333332,119,0.029051987767584102,0.03860035714971998,0.037037037037037035,0.9908256880733946,0.9617737003058103,109,-8.326672684688674e-17,1.0000000000000002,True
bxaic__B__gcn__seed42,bxaic,B,gcn,42,gradinput,True,1.0,119,109,0.01,0.0290519877675841,0.0386003571497199,0.9908256880733946,0.9617737003058104,0.091743119266055,0.9109252060222288,0.8723248488725088,0.0,0.0,True,True,0.01,0.012605042016806723,0.020833333333333332,119,0.029051987767584102,0.03860035714971998,0.037037037037037035,0.9908256880733946,0.9617737003058103,109,-8.326672684688674e-17,1.0000000000000002,True
bxaic__B__gcn__seed42,bxaic,B,gcn,42,ig,True,1.0,119,109,0.01,0.0290519877675841,0.0386003571497199,0.9908256880733946,0.9617737003058104,0.091743119266055,0.9109252060222288,0.8723248488725088,0.0,0.0,True,True,0.01,0.012605042016806723,0.020833333333333332,119,0.029051987767584102,0.03860035714971998,0.037037037037037035,0.9908256880733946,0.9617737003058103,109,-8.326672684688674e-17,1.0000000000000002,True
bxaic__B__gin__seed123,bxaic,B,gin,123,gradinput,True,1.0,119,109,0.01,0.0290519877675841,0.0386003571497199,0.9908256880733946,0.9617737003058104,0.1330275229357798,0.9109252060222288,0.8723248488725088,0.0,0.0,True,True,0.01,0.012605042016806723,0.020833333333333332,119,0.029051987767584102,0.03860035714971998,0.037037037037037035,0.9908256880733946,0.9617737003058103,109,-8.326672684688674e-17,1.0000000000000002,True
bxaic__B__gin__seed123,bxaic,B,gin,123,ig,True,1.0,119,109,0.01,0.0290519877675841,0.0386003571497199,0.9908256880733946,0.9617737003058104,0.1330275229357798,0.9109252060222288,0.8723248488725088,0.0,0.0,True,True,0.01,0.012605042016806723,0.020833333333333332,119,0.029051987767584102,0.03860035714971998,0.037037037037037035,0.9908256880733946,0.9617737003058103,109,-8.326672684688674e-17,1.0000000000000002,True
bxaic__B__gin__seed2026,bxaic,B,gin,2026,gradinput,True,1.0,119,109,0.01,0.0290519877675841,0.0386003571497199,0.9908256880733946,0.9617737003058104,0.1131498470948012,0.8893335038811342,0.8507331467314142,0.0,0.0,True,True,0.01,0.012605042016806723,0.020833333333333332,119,0.029051987767584102,0.03860035714971998,0.037037037037037035,0.9908256880733946,0.9617737003058103,109,-8.326672684688674e-17,1.0000000000000002,True
bxaic__B__gin__seed2026,bxaic,B,gin,2026,ig,True,1.0,119,109,0.01,0.0290519877675841,0.0386003571497199,0.9908256880733946,0.9617737003058104,0.1131498470948012,0.8893335038811342,0.8507331467314142,0.0,0.0,True,True,0.01,0.012605042016806723,0.020833333333333332,119,0.029051987767584102,0.03860035714971998,0.037037037037037035,0.9908256880733946,0.9617737003058103,109,-8.326672684688674e-17,1.0000000000000002,True
bxaic__B__gin__seed42,bxaic,B,gin,42,gradinput,True,1.0,119,109,0.01,0.0290519877675841,0.0386003571497199,0.9908256880733946,0.9617737003058104,0.091743119266055,0.9109252060222288,0.8723248488725088,0.0,0.0,True,True,0.01,0.012605042016806723,0.020833333333333332,119,0.029051987767584102,0.03860035714971998,0.037037037037037035,0.9908256880733946,0.9617737003058103,109,-8.326672684688674e-17,1.0000000000000002,True
bxaic__B__gin__seed42,bxaic,B,gin,42,ig,True,1.0,119,109,0.01,0.0290519877675841,0.0386003571497199,0.9908256880733946,0.9617737003058104,0.091743119266055,0.9109252060222288,0.8723248488725088,0.0,0.0,True,True,0.01,0.012605042016806723,0.020833333333333332,119,0.029051987767584102,0.03860035714971998,0.037037037037037035,0.9908256880733946,0.9617737003058103,109,-8.326672684688674e-17,1.0000000000000002,True
bxaic__indole__gcn__seed123,bxaic,indole,gcn,123,gradinput,True,0.9306767868872284,1887,1847,0.8300000000000001,0.0977287608919986,0.8468982391419475,0.3340872922759832,0.3214103922293006,0.0944845880823141,0.90726752777742,0.0603692886354725,0.543909735815529,0.2039665847597629,True,False,0.3,0.09402434108316463,0.09450420107199857,1887,0.08899237155192759,0.3145430447201606,0.3125,0.8595613870904957,0.770569015538568,1847,0.5323551944217869,0.10185050619824089,True
bxaic__indole__gcn__seed123,bxaic,indole,gcn,123,ig,True,0.9306767868872284,1887,1847,0.76,0.0941371200236928,0.7755804835294008,0.3656777795867114,0.3508058121191153,0.0944845880823141,0.90726752777742,0.1316870442480192,0.596825548321217,0.2011589017070879,True,True,0.3,0.09402434108316463,0.09450420107199857,1887,0.08899237155192759,0.3145430447201606,0.3125,0.8595613870904957,0.770569015538568,1847,0.4610374388092402,0.22217243932422104,True
bxaic__indole__gcn__seed2026,bxaic,indole,gcn,2026,gradinput,True,0.9362490002995668,1887,1847,0.87,0.0977877037839139,0.886845717303693,0.3190296115702059,0.3073286263132065,0.0957089690373393,0.90726752777742,0.020421810473727,0.492098336102126,0.1991371431612363,True,False,0.3,0.09402434108316463,0.09450420107199857,1887,0.08899237155192759,0.3145430447201606,0.3125,0.8595613870904957,0.770569015538568,1847,0.5723026725835324,0.03445413688395628,True
bxaic__indole__gcn__seed2026,bxaic,indole,gcn,2026,ig,True,0.9362490002995668,1887,1847,0.71,0.092807636777588,0.727164883610353,0.3862174933141384,0.3689884617232105,0.0957089690373393,0.90726752777742,0.180102644167067,0.7660225174572767,0.286158388824875,True,True,0.3,0.09402434108316463,0.09450420107199857,1887,0.08899237155192759,0.3145430447201606,0.3125,0.8595613870904957,0.770569015538568,1847,0.41262183889019244,0.3038555843654402,True
bxaic__indole__gcn__seed42,bxaic,indole,gcn,42,gradinput,True,0.93217358922,1887,1847,0.6900000000000001,0.0921602483121162,0.7066609235190675,0.3997637105943275,0.381720920487301,0.0934866079898565,0.90726752777742,0.2006066042583525,0.5872678340328584,0.1996979393703812,True,True,0.3,0.09402434108316463,0.09450420107199857,1887,0.08899237155192759,0.3145430447201606,0.3125,0.8595613870904957,0.770569015538568,1847,0.3921178787989069,0.3384483178822447,True
bxaic__indole__gcn__seed42,bxaic,indole,gcn,42,ig,True,0.93217358922,1887,1847,0.68,0.0951195979620451,0.6955214960377726,0.4027538760795683,0.383703439869766,0.0934866079898565,0.90726752777742,0.2117460317396474,0.6860680945615976,0.2462201930596625,True,True,0.3,0.09402434108316463,0.09450420107199857,1887,0.08899237155192759,0.3145430447201606,0.3125,0.8595613870904957,0.770569015538568,1847,0.380978451317612,0.3572419189561164,True
bxaic__indole__gin__seed123,bxaic,indole,gin,123,gradinput,True,0.9953412585644438,1887,1847,0.93,0.0900985775038292,0.9462280636892684,0.3023874583842541,0.2937886658694099,0.0944845880823141,0.90726752777742,-0.0389605359118482,0.7364121498325613,0.4909389330815968,True,False,0.3,0.09402434108316463,0.09450420107199857,1887,0.08899237155192759,0.3145430447201606,0.3125,0.8595613870904957,0.770569015538568,1847,0.6316850189691078,-0.06573127485959543,True
bxaic__indole__gin__seed123,bxaic,indole,gin,123,ig,True,0.9953412585644438,1887,1847,0.55,0.0965217330945539,0.5656559959354353,0.4933413549778935,0.4656706507652158,0.0944845880823141,0.90726752777742,0.3416115318419848,0.4636693714454949,0.1244043817879768,True,True,0.3,0.09402434108316463,0.09450420107199857,1887,0.08899237155192759,0.3145430447201606,0.3125,0.8595613870904957,0.770569015538568,1847,0.25111295121527466,0.5763411865154621,True
bxaic__indole__gin__seed2026,bxaic,indole,gin,2026,gradinput,True,0.9934158904960436,1887,1847,0.96,0.0988452823320176,0.9747994993281844,0.2976899691448798,0.2916663100285164,0.0957089690373393,0.90726752777742,-0.0675319715507645,0.8025839622888892,0.6604160207435789,True,False,0.3,0.09402434108316463,0.09450420107199857,1887,0.08899237155192759,0.3145430447201606,0.3125,0.8595613870904957,0.770569015538568,1847,0.6602564546080238,-0.11393484406521563,True
bxaic__indole__gin__seed2026,bxaic,indole,gin,2026,ig,True,0.9934158904960436,1887,1847,0.66,0.0950887671854104,0.6771674344541085,0.4150012599111202,0.3946820273522162,0.0957089690373393,0.90726752777742,0.2301000933233115,0.4635845337862121,0.1576490212047873,True,True,0.3,0.09402434108316463,0.09450420107199857,1887,0.08899237155192759,0.3145430447201606,0.3125,0.8595613870904957,0.770569015538568,1847,0.36262438973394795,0.3882075060177377,True
bxaic__indole__gin__seed42,bxaic,indole,gin,42,gradinput,True,0.9920397564716004,1887,1847,0.93,0.0921752491527803,0.9462280636892684,0.3024850796968595,0.2939082949413037,0.0934866079898565,0.90726752777742,-0.0389605359118482,0.6863252105130828,0.5270900914241466,True,False,0.3,0.09402434108316463,0.09450420107199857,1887,0.08899237155192759,0.3145430447201606,0.3125,0.8595613870904957,0.770569015538568,1847,0.6316850189691078,-0.06573127485959543,True
bxaic__indole__gin__seed42,bxaic,indole,gin,42,ig,True,0.9920397564716004,1887,1847,0.67,0.0980146445224951,0.6886269315023926,0.4092258497899259,0.3905567755889931,0.0934866079898565,0.90726752777742,0.2186405962750274,0.5002795979311951,0.1832080628168879,True,True,0.3,0.09402434108316463,0.09450420107199857,1887,0.08899237155192759,0.3145430447201606,0.3125,0.8595613870904957,0.770569015538568,1847,0.37408388678223203,0.36887390773413675,True
bxaic__P__gcn__seed123,bxaic,P,gcn,123,gradinput,True,0.9999956870494316,657,638,0.02,0.1097649062474804,0.0365457382575857,0.961206896551724,0.8514419903042437,0.1057782987803271,0.9155993798160156,0.8790536415584299,0.0,0.0,False,True,0.02,0.09194353263652216,0.09332355766291041,657,0.10976490624748046,0.03654573825758572,0.03333333333333333,0.9612068965517241,0.8514419903042437,638,-2.0816681711721685e-17,1.0,True
bxaic__P__gcn__seed123,bxaic,P,gcn,123,ig,True,0.9999956870494316,657,638,0.02,0.1097649062474804,0.0365457382575857,0.961206896551724,0.8514419903042437,0.1057782987803271,0.9155993798160156,0.8790536415584299,0.0,0.0,False,True,0.02,0.09194353263652216,0.09332355766291041,657,0.10976490624748046,0.03654573825758572,0.03333333333333333,0.9612068965517241,0.8514419903042437,638,-2.0816681711721685e-17,1.0,True
bxaic__P__gcn__seed2026,bxaic,P,gcn,2026,gradinput,True,1.0,657,638,0.02,0.1097649062474804,0.0365457382575857,0.961206896551724,0.8514419903042437,0.0911583798523684,0.9084086740208712,0.8718629357632856,0.0,0.0,False,True,0.02,0.09194353263652216,0.09332355766291041,657,0.10976490624748046,0.03654573825758572,0.03333333333333333,0.9612068965517241,0.8514419903042437,638,-2.0816681711721685e-17,1.0,True
bxaic__P__gcn__seed2026,bxaic,P,gcn,2026,ig,True,1.0,657,638,0.02,0.1097649062474804,0.0365457382575857,0.961206896551724,0.8514419903042437,0.0911583798523684,0.9084086740208712,0.8718629357632856,0.0,0.0,False,True,0.02,0.09194353263652216,0.09332355766291041,657,0.10976490624748046,0.03654573825758572,0.03333333333333333,0.9612068965517241,0.8514419903042437,638,-2.0816681711721685e-17,1.0,True
bxaic__P__gcn__seed42,bxaic,P,gcn,42,gradinput,True,1.0,657,638,0.02,0.1097649062474804,0.0365457382575857,0.961206896551724,0.8514419903042437,0.0742450784816634,0.9274815943093282,0.8909358560517425,0.0,0.0,False,True,0.02,0.09194353263652216,0.09332355766291041,657,0.10976490624748046,0.03654573825758572,0.03333333333333333,0.9612068965517241,0.8514419903042437,638,-2.0816681711721685e-17,1.0,True
bxaic__P__gcn__seed42,bxaic,P,gcn,42,ig,True,1.0,657,638,0.02,0.1097649062474804,0.0365457382575857,0.961206896551724,0.8514419903042437,0.0742450784816634,0.9274815943093282,0.8909358560517425,0.0,0.0,False,True,0.02,0.09194353263652216,0.09332355766291041,657,0.10976490624748046,0.03654573825758572,0.03333333333333333,0.9612068965517241,0.8514419903042437,638,-2.0816681711721685e-17,1.0,True
bxaic__P__gin__seed123,bxaic,P,gin,123,gradinput,True,1.0,657,638,0.02,0.1128997024857249,0.0365457382575857,0.9580721003134796,0.8483071940659993,0.1057782987803271,0.9155993798160156,0.8790536415584299,0.0,0.0,False,True,0.02,0.09194353263652216,0.09332355766291041,657,0.10976490624748046,0.03654573825758572,0.03333333333333333,0.9612068965517241,0.8514419903042437,638,-2.0816681711721685e-17,1.0,True
bxaic__P__gin__seed123,bxaic,P,gin,123,ig,True,1.0,657,638,0.02,0.1128997024857249,0.0365457382575857,0.9580721003134796,0.8483071940659993,0.1057782987803271,0.9155993798160156,0.8790536415584299,0.0,0.0,False,True,0.02,0.09194353263652216,0.09332355766291041,657,0.10976490624748046,0.03654573825758572,0.03333333333333333,0.9612068965517241,0.8514419903042437,638,-2.0816681711721685e-17,1.0,True
bxaic__P__gin__seed2026,bxaic,P,gin,2026,gradinput,True,1.0,657,638,0.02,0.1097649062474804,0.0365457382575857,0.961206896551724,0.8514419903042437,0.0911583798523684,0.9084086740208712,0.8718629357632856,0.0,0.0,False,True,0.02,0.09194353263652216,0.09332355766291041,657,0.10976490624748046,0.03654573825758572,0.03333333333333333,0.9612068965517241,0.8514419903042437,638,-2.0816681711721685e-17,1.0,True
bxaic__P__gin__seed2026,bxaic,P,gin,2026,ig,True,1.0,657,638,0.02,0.1097649062474804,0.0365457382575857,0.961206896551724,0.8514419903042437,0.0911583798523684,0.9084086740208712,0.8718629357632856,0.0,0.0,False,True,0.02,0.09194353263652216,0.09332355766291041,657,0.10976490624748046,0.03654573825758572,0.03333333333333333,0.9612068965517241,0.8514419903042437,638,-2.0816681711721685e-17,1.0,True
bxaic__P__gin__seed42,bxaic,P,gin,42,gradinput,True,1.0,657,638,0.02,0.1128997024857249,0.0365457382575857,0.9580721003134796,0.8483071940659993,0.0742450784816634,0.9274815943093282,0.8909358560517425,0.0,0.0,False,True,0.02,0.09194353263652216,0.09332355766291041,657,0.10976490624748046,0.03654573825758572,0.03333333333333333,0.9612068965517241,0.8514419903042437,638,-2.0816681711721685e-17,1.0,True
bxaic__P__gin__seed42,bxaic,P,gin,42,ig,True,1.0,657,638,0.02,0.1097649062474804,0.0365457382575857,0.961206896551724,0.8514419903042437,0.0742450784816634,0.9274815943093282,0.8909358560517425,0.0,0.0,False,True,0.02,0.09194353263652216,0.09332355766291041,657,0.10976490624748046,0.03654573825758572,0.03333333333333333,0.9612068965517241,0.8514419903042437,638,-2.0816681711721685e-17,1.0,True
bxaic__PAINS__gcn__seed123,bxaic,PAINS,gcn,123,gradinput,True,0.8677312795297718,1625,1644,0.89,0.0957696367424396,0.9091218677307265,0.3433532474922704,0.3322930462208286,0.093952075358004,0.9091218677307265,0.0,0.7280697017416949,0.4466803208096837,True,False,0.33,0.09700654338737216,0.09756188991665445,1625,0.096300381249768,0.3455370467368918,0.3448275862068966,0.8426985280421067,0.7463981467923387,1644,0.5635848209938347,0.0,True
bxaic__PAINS__gcn__seed123,bxaic,PAINS,gcn,123,ig,True,0.8677312795297718,1625,1644,0.86,0.0886264400404617,0.8782821505199192,0.3524390040803632,0.3387256119351242,0.093952075358004,0.9091218677307265,0.0308397172108071,0.6835458342234673,0.407668558120843,True,False,0.33,0.09700654338737216,0.09756188991665445,1625,0.096300381249768,0.3455370467368918,0.3448275862068966,0.8426985280421067,0.7463981467923387,1644,0.5327451037830274,0.054720631326486024,True
bxaic__PAINS__gcn__seed2026,bxaic,PAINS,gcn,2026,gradinput,True,0.8490070019326929,1625,1644,0.88,0.0984274178653966,0.8975096610559893,0.3438501072994472,0.3312258666054371,0.0917560101433417,0.9091218677307265,0.011612206674737,0.698561848178912,0.4521799891245991,True,False,0.33,0.09700654338737216,0.09756188991665445,1625,0.096300381249768,0.3455370467368918,0.3448275862068966,0.8426985280421067,0.7463981467923387,1644,0.5519726143190975,0.02060418634813481,True
bxaic__PAINS__gcn__seed2026,bxaic,PAINS,gcn,2026,ig,True,0.8490070019326929,1625,1644,0.8300000000000001,0.0958013357071782,0.8488238590750994,0.3609632802117175,0.3449371098529565,0.0917560101433417,0.9091218677307265,0.0602980086556269,0.6587230921610724,0.3847906348929984,True,False,0.33,0.09700654338737216,0.09756188991665445,1625,0.096300381249768,0.3455370467368918,0.3448275862068966,0.8426985280421067,0.7463981467923387,1644,0.5032868123382076,0.10699012182282797,True
bxaic__PAINS__gcn__seed42,bxaic,PAINS,gcn,42,gradinput,True,0.8713432034839238,1625,1644,0.89,0.0993197759423381,0.9091218677307265,0.3399115894154874,0.3281042733649751,0.1009310918100055,0.8975096610559893,-0.011612206674737,0.7555025152584035,0.4813722402160729,True,False,0.33,0.09700654338737216,0.09756188991665445,1625,0.096300381249768,0.3455370467368918,0.3448275862068966,0.8426985280421067,0.7463981467923387,1644,0.5635848209938347,-0.021037650009252284,True
bxaic__PAINS__gcn__seed42,bxaic,PAINS,gcn,42,ig,True,0.8713432034839238,1625,1644,0.89,0.0973045327452572,0.9091218677307265,0.3411192816040406,0.328711801357458,0.1009310918100055,0.8975096610559893,-0.011612206674737,0.7380470693190322,0.4296613736192078,True,False,0.33,0.09700654338737216,0.09756188991665445,1625,0.096300381249768,0.3455370467368918,0.3448275862068966,0.8426985280421067,0.7463981467923387,1644,0.5635848209938347,-0.021037650009252284,True
bxaic__PAINS__gin__seed123,bxaic,PAINS,gin,123,gradinput,True,0.9693213092997706,1625,1644,0.94,0.0850178819165395,0.9576176765857716,0.3355240825582011,0.3286465148796221,0.093952075358004,0.9091218677307265,-0.0484958088550453,0.7066649470841255,0.4927720862408779,True,False,0.33,0.09700654338737216,0.09756188991665445,1625,0.096300381249768,0.3455370467368918,0.3448275862068966,0.8426985280421067,0.7463981467923387,1644,0.6120806298488798,-0.08604882006851572,True
bxaic__PAINS__gin__seed123,bxaic,PAINS,gin,123,ig,True,0.9693213092997706,1625,1644,0.8,0.0977704662515104,0.8149319138164086,0.3733151696420775,0.3556918886306996,0.093952075358004,0.9091218677307265,0.0941899539143177,0.608455432735569,0.2804851543959134,True,False,0.33,0.09700654338737216,0.09756188991665445,1625,0.096300381249768,0.3455370467368918,0.3448275862068966,0.8426985280421067,0.7463981467923387,1644,0.46939486707951683,0.16712649171108215,True
bxaic__PAINS__gin__seed2026,bxaic,PAINS,gin,2026,gradinput,True,0.9674401064612864,1625,1644,0.94,0.0838261015186042,0.9576176765857716,0.3351763811529857,0.3282285973504502,0.0917560101433417,0.9091218677307265,-0.0484958088550453,0.7372493281931769,0.5236204325698418,True,False,0.33,0.09700654338737216,0.09756188991665445,1625,0.096300381249768,0.3455370467368918,0.3448275862068966,0.8426985280421067,0.7463981467923387,1644,0.6120806298488798,-0.08604882006851572,True
bxaic__PAINS__gin__seed2026,bxaic,PAINS,gin,2026,ig,True,0.9674401064612864,1625,1644,0.74,0.0963529289767679,0.75809815428355,0.4019899014248568,0.3813499600702026,0.0917560101433417,0.9091218677307265,0.1510237134471763,0.525771004043988,0.2297317548173107,True,True,0.33,0.09700654338737216,0.09756188991665445,1625,0.096300381249768,0.3455370467368918,0.3448275862068966,0.8426985280421067,0.7463981467923387,1644,0.4125611075466582,0.26796980298521667,True
bxaic__PAINS__gin__seed42,bxaic,PAINS,gin,42,gradinput,True,0.9708294806386224,1625,1644,0.93,0.097590076394263,0.9485539954456153,0.3323817028493914,0.3235254959569587,0.1009310918100055,0.8975096610559893,-0.0510443343896258,0.7282834695069376,0.5076196001864348,True,False,0.33,0.09700654338737216,0.09756188991665445,1625,0.096300381249768,0.3455370467368918,0.3448275862068966,0.8426985280421067,0.7463981467923387,1644,0.6030169487087235,-0.09247620817672857,True
bxaic__PAINS__gin__seed42,bxaic,PAINS,gin,42,ig,True,0.9708294806386224,1625,1644,0.84,0.10021768040983,0.8573713715364746,0.3568805125034744,0.3410907834325408,0.1009310918100055,0.8975096610559893,0.0401382895195147,0.5603485757426134,0.2760610564427851,False,False,0.33,0.09700654338737216,0.09756188991665445,1625,0.096300381249768,0.3455370467368918,0.3448275862068966,0.8426985280421067,0.7463981467923387,1644,0.5118343247995828,0.07271790026943366,True
bxaic__rings-count__gcn__seed123,bxaic,rings-count,gcn,123,gradinput,True,0.9099242400020708,4935,4933,0.88,0.0927757386435866,0.8966978540680908,0.6495155359045426,0.6101146792817989,0.0911411795277234,0.9084471118578896,0.0117492577897989,0.8697854017251487,0.5540484587450201,True,False,0.61,0.0897761368023761,0.08996054196104637,4935,0.08780356464039339,0.6277794572679153,0.625,0.9099283223771735,0.8221247577367802,4933,0.2689183968001755,0.04186181627150186,True
bxaic__rings-count__gcn__seed123,bxaic,rings-count,gcn,123,ig,True,0.9099242400020708,4935,4933,0.86,0.097189238292311,0.8772717462941478,0.6593838241892481,0.6160138859771437,0.0911411795277234,0.9084471118578896,0.0311753655637418,0.8741273695395494,0.5467574558266218,True,False,0.61,0.0897761368023761,0.08996054196104637,4935,0.08780356464039339,0.6277794572679153,0.625,0.9099283223771735,0.8221247577367802,4933,0.24949228902623255,0.11107573335903521,True
bxaic__rings-count__gcn__seed2026,bxaic,rings-count,gcn,2026,gradinput,True,0.937139831701966,4935,4933,0.91,0.0852556938192245,0.9282105650069856,0.6334656451120676,0.5991413669066097,0.0913243692012622,0.9084471118578896,-0.0197634531490957,0.8450285891789254,0.5780728039837782,True,False,0.61,0.0897761368023761,0.08996054196104637,4935,0.08780356464039339,0.6277794572679153,0.625,0.9099283223771735,0.8221247577367802,4933,0.30043110773907034,-0.07041585599868395,True
bxaic__rings-count__gcn__seed2026,bxaic,rings-count,gcn,2026,ig,True,0.937139831701966,4935,4933,0.89,0.0923034634026344,0.9084471118578896,0.6408107614211386,0.6014790294993325,0.0913243692012622,0.9084471118578896,0.0,0.85208916319805,0.545730307837119,True,False,0.61,0.0897761368023761,0.08996054196104637,4935,0.08780356464039339,0.6277794572679153,0.625,0.9099283223771735,0.8221247577367802,4933,0.28066765458997434,0.0,True
bxaic__rings-count__gcn__seed42,bxaic,rings-count,gcn,42,gradinput,True,0.9397164861733436,4935,4933,0.89,0.0928589086419125,0.9084471118578896,0.64073363042045,0.6013627524947756,0.0912160937849061,0.9084471118578896,0.0,0.8117740519634347,0.5377069918172457,True,False,0.61,0.0897761368023761,0.08996054196104637,4935,0.08780356464039339,0.6277794572679153,0.625,0.9099283223771735,0.8221247577367802,4933,0.28066765458997434,0.0,True
bxaic__rings-count__gcn__seed42,bxaic,rings-count,gcn,42,ig,True,0.9397164861733436,4935,4933,0.89,0.099682117926628,0.9084471118578896,0.6361404579511645,0.5943229360448445,0.0912160937849061,0.9084471118578896,0.0,0.846805283249323,0.5518075953761384,True,False,0.61,0.0897761368023761,0.08996054196104637,4935,0.08780356464039339,0.6277794572679153,0.625,0.9099283223771735,0.8221247577367802,4933,0.28066765458997434,0.0,True
bxaic__rings-count__gin__seed123,bxaic,rings-count,gin,123,gradinput,True,0.9972499699304668,4935,4933,0.89,0.0961332083265786,0.9084471118578896,0.6404115441928311,0.6025083358481167,0.0911411795277234,0.9084471118578896,0.0,0.8343202563339817,0.5462757747257313,True,False,0.61,0.0897761368023761,0.08996054196104637,4935,0.08780356464039339,0.6277794572679153,0.625,0.9099283223771735,0.8221247577367802,4933,0.28066765458997434,0.0,True
bxaic__rings-count__gin__seed123,bxaic,rings-count,gin,123,ig,True,0.9972499699304668,4935,4933,0.89,0.0918283153527798,0.9084471118578896,0.6457072121745934,0.6123853625155222,0.0911411795277234,0.9084471118578896,0.0,0.8723311850319148,0.5715170048337558,True,False,0.61,0.0897761368023761,0.08996054196104637,4935,0.08780356464039339,0.6277794572679153,0.625,0.9099283223771735,0.8221247577367802,4933,0.28066765458997434,0.0,True
bxaic__rings-count__gin__seed2026,bxaic,rings-count,gin,2026,gradinput,True,0.99957750403084,4935,4933,0.9,0.0914995197334544,0.915205996412866,0.6410228185337978,0.6073130659055345,0.0913243692012622,0.9084471118578896,-0.0067588845549763,0.8840422056644808,0.5815783582870827,True,False,0.61,0.0897761368023761,0.08996054196104637,4935,0.08780356464039339,0.6277794572679153,0.625,0.9099283223771735,0.8221247577367802,4933,0.28742653914495075,-0.024081451654450286,True
bxaic__rings-count__gin__seed2026,bxaic,rings-count,gin,2026,ig,True,0.99957750403084,4935,4933,0.9,0.0934265968985688,0.915205996412866,0.6400567764970337,0.6063204895471188,0.0913243692012622,0.9084471118578896,-0.0067588845549763,0.901486103870923,0.5885741740923045,True,False,0.61,0.0897761368023761,0.08996054196104637,4935,0.08780356464039339,0.6277794572679153,0.625,0.9099283223771735,0.8221247577367802,4933,0.28742653914495075,-0.024081451654450286,True
bxaic__rings-count__gin__seed42,bxaic,rings-count,gin,42,gradinput,True,0.9993076394883764,4935,4933,0.89,0.0946094555782003,0.9084471118578896,0.641086522072392,0.6031558145495367,0.0912160937849061,0.9084471118578896,0.0,0.8475906946825241,0.5454297701949441,True,False,0.61,0.0897761368023761,0.08996054196104637,4935,0.08780356464039339,0.6277794572679153,0.625,0.9099283223771735,0.8221247577367802,4933,0.28066765458997434,0.0,True
bxaic__rings-count__gin__seed42,bxaic,rings-count,gin,42,ig,True,0.9993076394883764,4935,4933,0.9,0.0941799224407364,0.915205996412866,0.6406271058561605,0.6078680865814945,0.0912160937849061,0.9084471118578896,-0.0067588845549763,0.8970288044289497,0.5906673219900079,True,False,0.61,0.0897761368023761,0.08996054196104637,4935,0.08780356464039339,0.6277794572679153,0.625,0.9099283223771735,0.8221247577367802,4933,0.28742653914495075,-0.024081451654450286,True
bxaic__rings-max__gcn__seed123,bxaic,rings-max,gcn,123,gradinput,True,0.7547022386952845,297,277,0.9,0.0885172217278208,0.9101407650316404,0.2702047616046774,0.2635047603689398,0.0889842444882752,0.9026685530504264,-0.0074722119812141,0.6648283969271137,0.335609520001208,True,False,0.27,0.09237590811641701,0.0954216265455565,297,0.07382386962530511,0.2818605783877526,0.2777777777777778,0.8519411004996686,0.7781172308743637,277,0.6282801866438879,-0.012036269323496062,True
bxaic__rings-max__gcn__seed123,bxaic,rings-max,gcn,123,ig,True,0.7547022386952845,297,277,0.91,0.0910966984479162,0.9234847698070427,0.2657521726725466,0.2590777611527485,0.0889842444882752,0.9026685530504264,-0.0208162167566166,0.6317239733397318,0.3428143078546513,True,False,0.27,0.09237590811641701,0.0954216265455565,297,0.07382386962530511,0.2818605783877526,0.2777777777777778,0.8519411004996686,0.7781172308743637,277,0.6416241914192902,-0.03353084626196565,True
bxaic__rings-max__gcn__seed2026,bxaic,rings-max,gcn,2026,gradinput,True,0.7569430746624219,297,277,0.9,0.0889605242754416,0.9101407650316404,0.2691092508635427,0.2619082784160796,0.0891074936958574,0.9101407650316404,0.0,0.6837107972752371,0.3778433865909635,True,False,0.27,0.09237590811641701,0.0954216265455565,297,0.07382386962530511,0.2818605783877526,0.2777777777777778,0.8519411004996686,0.7781172308743637,277,0.6282801866438879,0.0,True
bxaic__rings-max__gcn__seed2026,bxaic,rings-max,gcn,2026,ig,True,0.7569430746624219,297,277,0.87,0.0837812893650215,0.8831394062523965,0.2782224786458664,0.2709427678530432,0.0891074936958574,0.9101407650316404,0.0270013587792439,0.8031180932438998,0.4335177223908283,True,False,0.27,0.09237590811641701,0.0954216265455565,297,0.07382386962530511,0.2818605783877526,0.2777777777777778,0.8519411004996686,0.7781172308743637,277,0.6012788278646439,0.042976619911377884,True
bxaic__rings-max__gcn__seed42,bxaic,rings-max,gcn,42,gradinput,True,0.7570011789044905,297,277,0.9,0.0948870730361377,0.9101407650316404,0.2677495660832309,0.2603001872047862,0.0915110200433751,0.9101407650316404,0.0,0.6808112118522407,0.3589902406950495,True,False,0.27,0.09237590811641701,0.0954216265455565,297,0.07382386962530511,0.2818605783877526,0.2777777777777778,0.8519411004996686,0.7781172308743637,277,0.6282801866438879,0.0,True
bxaic__rings-max__gcn__seed42,bxaic,rings-max,gcn,42,ig,True,0.7570011789044905,297,277,0.92,0.0874985845798144,0.93310042311993,0.2637204207080502,0.2573218213892817,0.0915110200433751,0.9101407650316404,-0.0229596580882895,0.6351818929003887,0.3298570732075686,True,False,0.27,0.09237590811641701,0.0954216265455565,297,0.07382386962530511,0.2818605783877526,0.2777777777777778,0.8519411004996686,0.7781172308743637,277,0.6512398447321774,-0.03654366089584046,True
bxaic__rings-max__gin__seed123,bxaic,rings-max,gin,123,gradinput,True,0.8959765870485644,297,277,0.91,0.0971703556572489,0.9234847698070427,0.2629437681963416,0.2558072003850142,0.0889842444882752,0.9026685530504264,-0.0208162167566166,0.7592339659966051,0.4519456816987103,True,False,0.27,0.09237590811641701,0.0954216265455565,297,0.07382386962530511,0.2818605783877526,0.2777777777777778,0.8519411004996686,0.7781172308743637,277,0.6416241914192902,-0.03353084626196565,True
bxaic__rings-max__gin__seed123,bxaic,rings-max,gin,123,ig,True,0.8959765870485644,297,277,0.93,0.0976589238473058,0.9416332553306368,0.2587622034362641,0.2517864121655203,0.0889842444882752,0.9026685530504264,-0.0389647022802106,0.622984195382829,0.3245252577972558,True,False,0.27,0.09237590811641701,0.0954216265455565,297,0.07382386962530511,0.2818605783877526,0.2777777777777778,0.8519411004996686,0.7781172308743637,277,0.6597726769428842,-0.06276450024886124,True
bxaic__rings-max__gin__seed2026,bxaic,rings-max,gin,2026,gradinput,True,0.8938167912085224,297,277,0.92,0.0883316423615617,0.93310042311993,0.2640773686291316,0.2579304585890513,0.0891074936958574,0.9101407650316404,-0.0229596580882895,0.7695448452636559,0.5093311937990761,True,False,0.27,0.09237590811641701,0.0954216265455565,297,0.07382386962530511,0.2818605783877526,0.2777777777777778,0.8519411004996686,0.7781172308743637,277,0.6512398447321774,-0.03654366089584046,True
bxaic__rings-max__gin__seed2026,bxaic,rings-max,gin,2026,ig,True,0.8938167912085224,297,277,0.91,0.0885167967924274,0.9234847698070427,0.2658443098954486,0.2592408555449086,0.0891074936958574,0.9101407650316404,-0.0133440047754024,0.7721155817178993,0.5439234620237438,True,False,0.27,0.09237590811641701,0.0954216265455565,297,0.07382386962530511,0.2818605783877526,0.2777777777777778,0.8519411004996686,0.7781172308743637,277,0.6416241914192902,-0.021238939344375287,True
bxaic__rings-max__gin__seed42,bxaic,rings-max,gin,42,gradinput,True,0.8883966593118928,297,277,0.94,0.0824161707487337,0.9522828292781326,0.260999538210218,0.2554669819741191,0.0915110200433751,0.9101407650316404,-0.0421420642464921,0.7443476658889828,0.5290862458201544,True,False,0.27,0.09237590811641701,0.0954216265455565,297,0.07382386962530511,0.2818605783877526,0.2777777777777778,0.8519411004996686,0.7781172308743637,277,0.67042225089038,-0.06707527173760527,True
bxaic__rings-max__gin__seed42,bxaic,rings-max,gin,42,ig,True,0.8883966593118928,297,277,0.93,0.0999492544118747,0.9416332553306368,0.2573365857304291,0.2500505049036156,0.0915110200433751,0.9101407650316404,-0.0314924902989964,0.8531747384748546,0.6285685588856235,True,False,0.27,0.09237590811641701,0.0954216265455565,297,0.07382386962530511,0.2818605783877526,0.2777777777777778,0.8519411004996686,0.7781172308743637,277,0.6597726769428842,-0.05012491396111216,True
bxaic__X__gcn__seed123,bxaic,X,gcn,123,gradinput,True,1.0,2764,2822,0.05,0.0921681122248096,0.0681479369393897,0.7275108622380061,0.6353427500131965,0.0926235755346315,0.9087783882831856,0.8406304513437959,0.0013928262067879,8.858965272856131e-05,True,True,0.05,0.09172323294971631,0.09205172364304394,2764,0.09216811222480963,0.06814793693938972,0.06666666666666667,0.7275108622380061,0.6353427500131965,2822,-2.7755575615628914e-17,1.0,True
bxaic__X__gcn__seed123,bxaic,X,gcn,123,ig,True,1.0,2764,2822,0.05,0.0921681122248096,0.0681479369393897,0.7275108622380061,0.6353427500131965,0.0926235755346315,0.9087783882831856,0.8406304513437959,0.0013928262067879,8.858965272856131e-05,True,True,0.05,0.09172323294971631,0.09205172364304394,2764,0.09216811222480963,0.06814793693938972,0.06666666666666667,0.7275108622380061,0.6353427500131965,2822,-2.7755575615628914e-17,1.0,True
bxaic__X__gcn__seed2026,bxaic,X,gcn,2026,gradinput,True,1.0,2764,2822,0.05,0.0921681122248096,0.0681479369393897,0.7275108622380061,0.6353427500131965,0.0866720382932289,0.9087783882831856,0.8406304513437959,0.0013928262067879,8.858965272856131e-05,True,True,0.05,0.09172323294971631,0.09205172364304394,2764,0.09216811222480963,0.06814793693938972,0.06666666666666667,0.7275108622380061,0.6353427500131965,2822,-2.7755575615628914e-17,1.0,True
bxaic__X__gcn__seed2026,bxaic,X,gcn,2026,ig,True,1.0,2764,2822,0.05,0.0921681122248096,0.0681479369393897,0.7275108622380061,0.6353427500131965,0.0866720382932289,0.9087783882831856,0.8406304513437959,0.0013928262067879,8.858965272856131e-05,True,True,0.05,0.09172323294971631,0.09205172364304394,2764,0.09216811222480963,0.06814793693938972,0.06666666666666667,0.7275108622380061,0.6353427500131965,2822,-2.7755575615628914e-17,1.0,True
bxaic__X__gcn__seed42,bxaic,X,gcn,42,gradinput,True,1.0,2764,2822,0.05,0.0921681122248096,0.0681479369393897,0.7275108622380061,0.6353427500131965,0.09146684778329,0.9087783882831856,0.8406304513437959,0.0013928262067879,8.858965272856131e-05,True,True,0.05,0.09172323294971631,0.09205172364304394,2764,0.09216811222480963,0.06814793693938972,0.06666666666666667,0.7275108622380061,0.6353427500131965,2822,-2.7755575615628914e-17,1.0,True
bxaic__X__gcn__seed42,bxaic,X,gcn,42,ig,True,1.0,2764,2822,0.05,0.0921681122248096,0.0681479369393897,0.7275108622380061,0.6353427500131965,0.09146684778329,0.9087783882831856,0.8406304513437959,0.0013928262067879,8.858965272856131e-05,True,True,0.05,0.09172323294971631,0.09205172364304394,2764,0.09216811222480963,0.06814793693938972,0.06666666666666667,0.7275108622380061,0.6353427500131965,2822,-2.7755575615628914e-17,1.0,True
bxaic__X__gin__seed123,bxaic,X,gin,123,gradinput,True,1.0,2764,2822,0.06,0.0800894052400076,0.0777160805543746,0.6541456569849553,0.5871527554066532,0.0926235755346315,0.9087783882831856,0.831062307728811,0.0031882431687534,0.0002657689581856,True,True,0.05,0.09172323294971631,0.09205172364304394,2764,0.09216811222480963,0.06814793693938972,0.06666666666666667,0.7275108622380061,0.6353427500131965,2822,0.00956814361498487,0.9886178955334182,True
bxaic__X__gin__seed123,bxaic,X,gin,123,ig,True,1.0,2764,2822,0.05,0.0921681122248096,0.0681479369393897,0.7275108622380061,0.6353427500131965,0.0926235755346315,0.9087783882831856,0.8406304513437959,0.0013928262067879,8.858965272856131e-05,True,True,0.05,0.09172323294971631,0.09205172364304394,2764,0.09216811222480963,0.06814793693938972,0.06666666666666667,0.7275108622380061,0.6353427500131965,2822,-2.7755575615628914e-17,1.0,True
bxaic__X__gin__seed2026,bxaic,X,gin,2026,gradinput,True,0.9996505246037516,2764,2822,0.05,0.0981483356394766,0.0681479369393897,0.7163485659942074,0.629389103494348,0.0866720382932289,0.9087783882831856,0.8406304513437959,0.003038062614604,0.0002362390739428,True,True,0.05,0.09172323294971631,0.09205172364304394,2764,0.09216811222480963,0.06814793693938972,0.06666666666666667,0.7275108622380061,0.6353427500131965,2822,-2.7755575615628914e-17,1.0,True
bxaic__X__gin__seed2026,bxaic,X,gin,2026,ig,True,0.9996505246037516,2764,2822,0.05,0.0923452915302667,0.0681479369393897,0.7271565036270918,0.6351655707077394,0.0866720382932289,0.9087783882831856,0.8406304513437959,0.0013928262067879,8.858965272856131e-05,True,True,0.05,0.09172323294971631,0.09205172364304394,2764,0.09216811222480963,0.06814793693938972,0.06666666666666667,0.7275108622380061,0.6353427500131965,2822,-2.7755575615628914e-17,1.0,True
bxaic__X__gin__seed42,bxaic,X,gin,42,gradinput,True,0.9998909415391308,2764,2822,0.05,0.0924549739574544,0.0681479369393897,0.7264477864052633,0.6350093219246302,0.09146684778329,0.9087783882831856,0.8406304513437959,0.001620628170947,0.0001771793054571,True,True,0.05,0.09172323294971631,0.09205172364304394,2764,0.09216811222480963,0.06814793693938972,0.06666666666666667,0.7275108622380061,0.6353427500131965,2822,-2.7755575615628914e-17,1.0,True
bxaic__X__gin__seed42,bxaic,X,gin,42,ig,True,0.9998909415391308,2764,2822,0.05,0.0921681122248096,0.0681479369393897,0.7275108622380061,0.6353427500131965,0.09146684778329,0.9087783882831856,0.8406304513437959,0.0013928262067879,8.858965272856131e-05,True,True,0.05,0.09172323294971631,0.09205172364304394,2764,0.09216811222480963,0.06814793693938972,0.06666666666666667,0.7275108622380061,0.6353427500131965,2822,-2.7755575615628914e-17,1.0,True
google__benzene__gcn__seed123,google,benzene,gcn,123,gradinput,True,0.9055409055409056,1000,999,0.45,0.1100648267314934,0.4706352784102144,0.6792763542763541,0.6139630635459669,0.0954353162686496,0.9031661198214196,0.4325308414112051,0.4799301285412396,0.0799835549835549,False,True,0.35000000000000003,0.09808333333333333,0.09898434898434898,1000,0.10329138662471997,0.37602505045528634,0.375,0.8376114209447543,0.7343200343200343,999,0.09461022795492807,0.8205219941054996,True
google__benzene__gcn__seed123,google,benzene,gcn,123,ig,True,0.9055409055409056,1000,999,0.55,0.0948621240287907,0.5716810705784846,0.5779763890875002,0.5389114533593379,0.0954353162686496,0.9031661198214196,0.331485049242935,0.5293615043615043,0.1366707977819089,True,True,0.35000000000000003,0.09808333333333333,0.09898434898434898,1000,0.10329138662471997,0.37602505045528634,0.375,0.8376114209447543,0.7343200343200343,999,0.19565602012319827,0.628835559410184,True
google__benzene__gcn__seed2026,google,benzene,gcn,2026,gradinput,True,0.9104669104669104,1000,999,0.49,0.1034220728665173,0.5119776375360348,0.6314577286799509,0.5790425040726038,0.0980677105677105,0.9031661198214196,0.3911884822853848,0.5391462891462891,0.1034220728665173,False,True,0.35000000000000003,0.09808333333333333,0.09898434898434898,1000,0.10329138662471997,0.37602505045528634,0.375,0.8376114209447543,0.7343200343200343,999,0.13595258708074842,0.742094488588745,True
google__benzene__gcn__seed2026,google,benzene,gcn,2026,ig,True,0.9104669104669104,1000,999,0.51,0.1047190047190047,0.5344928656068183,0.6075252158585491,0.5609350794378314,0.0980677105677105,0.9031661198214196,0.3686732542146013,0.5255507491618604,0.1210593530037974,False,True,0.35000000000000003,0.09808333333333333,0.09898434898434898,1000,0.10329138662471997,0.37602505045528634,0.375,0.8376114209447543,0.7343200343200343,999,0.15846781515153197,0.699382528965001,True
google__benzene__gcn__seed42,google,benzene,gcn,42,gradinput,True,0.9302719302719304,1000,999,0.48,0.1005318810874366,0.5040497096081068,0.6459440320551432,0.5915181873730206,0.0964085116862894,0.9031661198214196,0.3991164102133128,0.478475896531452,0.0955171441282552,False,True,0.35000000000000003,0.09808333333333333,0.09898434898434898,1000,0.10329138662471997,0.37602505045528634,0.375,0.8376114209447543,0.7343200343200343,999,0.12802465915282046,0.7571339692679131,True
google__benzene__gcn__seed42,google,benzene,gcn,42,ig,True,0.9302719302719304,1000,999,0.47,0.1028022069688736,0.4897098308181002,0.6599771488660378,0.6037253316450083,0.0964085116862894,0.9031661198214196,0.4134562890033193,0.4672577339244005,0.0883613772502661,False,True,0.35000000000000003,0.09808333333333333,0.09898434898434898,1000,0.10329138662471997,0.37602505045528634,0.375,0.8376114209447543,0.7343200343200343,999,0.11368478036281388,0.7843370836206797,True
google__benzene__gin__seed123,google,benzene,gin,123,gradinput,True,0.9713129713129712,1000,999,0.94,0.0944192208081096,0.9575645508922008,0.3556615195535867,0.34419030361867,0.0954353162686496,0.9031661198214196,-0.0543984310707813,0.9030806600251045,0.7263207652096542,True,False,0.35000000000000003,0.09808333333333333,0.09898434898434898,1000,0.10329138662471997,0.37602505045528634,0.375,0.8376114209447543,0.7343200343200343,999,0.5815395004369145,-0.10319520567083351,True
google__benzene__gin__seed123,google,benzene,gin,123,ig,True,0.9713129713129712,1000,999,0.51,0.1002665363776474,0.5344928656068183,0.6092161703272814,0.5605841587523734,0.0954353162686496,0.9031661198214196,0.3686732542146013,0.505915836471392,0.1118779493779493,False,True,0.35000000000000003,0.09808333333333333,0.09898434898434898,1000,0.10329138662471997,0.37602505045528634,0.375,0.8376114209447543,0.7343200343200343,999,0.15846781515153197,0.699382528965001,True
google__benzene__gin__seed2026,google,benzene,gin,2026,gradinput,True,0.9726739726739728,1000,999,0.81,0.0855921397588064,0.8355199614449401,0.4047899542223587,0.3886890450533306,0.0980677105677105,0.9031661198214196,0.0676461583764794,0.6415341929230818,0.327678869345536,True,False,0.35000000000000003,0.09808333333333333,0.09898434898434898,1000,0.10329138662471997,0.37602505045528634,0.375,0.8376114209447543,0.7343200343200343,999,0.4594949109896538,0.1283264809130151,True
google__benzene__gin__seed2026,google,benzene,gin,2026,ig,True,0.9726739726739728,1000,999,0.79,0.0940527829416718,0.8109944835861289,0.4108993741002684,0.390631641502964,0.0980677105677105,0.9031661198214196,0.0921716362352906,0.9834103945215056,0.5015602904491794,True,False,0.35000000000000003,0.09808333333333333,0.09898434898434898,1000,0.10329138662471997,0.37602505045528634,0.375,0.8376114209447543,0.7343200343200343,999,0.4349694331308426,0.1748519354527309,True
google__benzene__gin__seed42,google,benzene,gin,42,gradinput,True,0.9731884731884732,1000,999,0.8300000000000001,0.1092832912277356,0.8503733407484473,0.3884930443065977,0.3711982206605754,0.0964085116862894,0.9031661198214196,0.0527927790729723,0.5326028409361743,0.2520774742996965,False,False,0.35000000000000003,0.09808333333333333,0.09898434898434898,1000,0.10329138662471997,0.37602505045528634,0.375,0.8376114209447543,0.7343200343200343,999,0.47434829029316095,0.1001492430412481,True
google__benzene__gin__seed42,google,benzene,gin,42,ig,True,0.9731884731884732,1000,999,0.73,0.1022534439201105,0.7551707536987445,0.4382200548781216,0.4161341291619032,0.0964085116862894,0.9031661198214196,0.147995366122675,0.7007384368495478,0.2872628580961914,False,True,0.35000000000000003,0.09808333333333333,0.09898434898434898,1000,0.10329138662471997,0.37602505045528634,0.375,0.8376114209447543,0.7343200343200343,999,0.3791457032434582,0.28075096918673736,True
google__logic10__gcn__seed123,google,logic10,gcn,123,gradinput,True,0.8715098349724955,192,112,0.81,0.0879145408163265,0.8360362351772493,0.5402046877209968,0.5145585950287873,0.0931618976261833,0.9043177969998628,0.0682815618226135,0.7509362289496219,0.3295611011012797,True,False,0.41000000000000003,0.08291097901621798,0.08766273560162612,192,0.10981198860663145,0.434170783989253,0.43478260869565216,0.9902597402597403,0.8804477516531088,112,0.4018654511879963,0.1452344903466877,True
google__logic10__gcn__seed123,google,logic10,gcn,123,ig,True,0.8715098349724955,192,112,0.67,0.1019980763284334,0.6977497682005145,0.635333738681953,0.594140382505597,0.0931618976261833,0.9043177969998628,0.2065680287993484,0.7389417502140716,0.2478414071048,False,True,0.41000000000000003,0.08291097901621798,0.08766273560162612,192,0.10981198860663145,0.434170783989253,0.43478260869565216,0.9902597402597403,0.8804477516531088,112,0.26357898421126147,0.4393690124214119,True
google__logic10__gcn__seed2026,google,logic10,gcn,2026,gradinput,True,0.9004417402900483,192,112,0.8,0.0974240417320774,0.8213806229323514,0.5442948819127087,0.5164096487954156,0.0867297880690737,0.9140376849550448,0.0926570620226935,0.7351338393749108,0.3246929038223681,True,False,0.41000000000000003,0.08291097901621798,0.08766273560162612,192,0.10981198860663145,0.434170783989253,0.43478260869565216,0.9902597402597403,0.8804477516531088,112,0.38720983894309835,0.19308908748698766,True
google__logic10__gcn__seed2026,google,logic10,gcn,2026,ig,True,0.9004417402900483,192,112,0.89,0.0917081430474287,0.9140376849550448,0.492729215913921,0.4706043278588793,0.0867297880690737,0.9140376849550448,0.0,0.7985299298915371,0.3864445822035108,True,False,0.41000000000000003,0.08291097901621798,0.08766273560162612,192,0.10981198860663145,0.434170783989253,0.43478260869565216,0.9902597402597403,0.8804477516531088,112,0.47986690096579177,0.0,True
google__logic10__gcn__seed42,google,logic10,gcn,42,gradinput,True,0.864508668111352,192,112,0.73,0.0786912120617477,0.7549440500024239,0.6029725607501619,0.5747828558410851,0.1038070932044146,0.9043177969998628,0.149373746997439,0.6954360000118928,0.2404900159364444,True,True,0.41000000000000003,0.08291097901621798,0.08766273560162612,192,0.10981198860663145,0.434170783989253,0.43478260869565216,0.9902597402597403,0.8804477516531088,112,0.3207732660131709,0.31771710308423884,True
google__logic10__gcn__seed42,google,logic10,gcn,42,ig,True,0.864508668111352,192,112,0.63,0.1044853212263926,0.6531162069280754,0.6747960744612531,0.6267632635804904,0.1038070932044146,0.9043177969998628,0.2512015900717875,0.759926345975453,0.2489374464820893,False,True,0.41000000000000003,0.08291097901621798,0.08766273560162612,192,0.10981198860663145,0.434170783989253,0.43478260869565216,0.9902597402597403,0.8804477516531088,112,0.21894542293882235,0.5343043412382981,True
google__logic10__gin__seed123,google,logic10,gin,123,gradinput,True,0.9443344724120688,192,112,0.93,0.076532433340469,0.9549678417887856,0.4792079568861677,0.4612433736506477,0.0931618976261833,0.9043177969998628,-0.0506500447889225,0.8949684987631417,0.6860614459944817,True,False,0.41000000000000003,0.08291097901621798,0.08766273560162612,192,0.10981198860663145,0.434170783989253,0.43478260869565216,0.9902597402597403,0.8804477516531088,112,0.5207970577995326,-0.10773235474704536,True
google__logic10__gin__seed123,google,logic10,gin,123,ig,True,0.9443344724120688,192,112,0.74,0.1040893630179344,0.7666308757624763,0.577523413518272,0.5412322807374085,0.0931618976261833,0.9043177969998628,0.1376869212373865,0.7621928294919368,0.3594760893868036,False,True,0.41000000000000003,0.08291097901621798,0.08766273560162612,192,0.10981198860663145,0.434170783989253,0.43478260869565216,0.9902597402597403,0.8804477516531088,112,0.33246009177322333,0.29285929172601016,True
google__logic10__gin__seed2026,google,logic10,gin,2026,gradinput,True,0.9637022837139524,192,112,0.91,0.0956158424908424,0.9336198180475164,0.4806759704209731,0.4593566320759073,0.0867297880690737,0.9140376849550448,-0.0195821330924714,0.8586457069715998,0.6550857624518338,True,False,0.41000000000000003,0.08291097901621798,0.08766273560162612,192,0.10981198860663145,0.434170783989253,0.43478260869565216,0.9902597402597403,0.8804477516531088,112,0.49944903405826335,-0.04080742608640044,True
google__logic10__gin__seed2026,google,logic10,gin,2026,ig,True,0.9637022837139524,192,112,0.86,0.0974769649992864,0.883717529966172,0.5056245319330653,0.479627546620148,0.0867297880690737,0.9140376849550448,0.0303201549888728,0.7770523003781934,0.3969303018410161,True,False,0.41000000000000003,0.08291097901621798,0.08766273560162612,192,0.10981198860663145,0.434170783989253,0.43478260869565216,0.9902597402597403,0.8804477516531088,112,0.449546745976919,0.06318450997109755,True
google__logic10__gin__seed42,google,logic10,gin,42,gradinput,True,0.9550966827804634,192,112,0.92,0.0813411662742019,0.9476758480682204,0.4811269323266077,0.4623407328871977,0.1038070932044146,0.9043177969998628,-0.0433580510683574,0.9346668956043958,0.7176898250558965,True,False,0.41000000000000003,0.08291097901621798,0.08766273560162612,192,0.10981198860663145,0.434170783989253,0.43478260869565216,0.9902597402597403,0.8804477516531088,112,0.5135050640789673,-0.09222232592888789,True
google__logic10__gin__seed42,google,logic10,gin,42,ig,True,0.9550966827804634,192,112,0.87,0.0914248326078683,0.8955752374760533,0.5021744865287545,0.4778516872335979,0.1038070932044146,0.9043177969998628,0.0087425595238096,0.8105648815470244,0.5105226618619475,True,False,0.41000000000000003,0.08291097901621798,0.08766273560162612,192,0.10981198860663145,0.434170783989253,0.43478260869565216,0.9902597402597403,0.8804477516531088,112,0.46140445348680026,0.01859537396148945,True
google__logic7__gcn__seed123,google,logic7,gcn,123,gradinput,True,0.9700479813890368,66,47,0.81,0.0365248226950354,0.833329619256579,0.2258508643644669,0.2236231545204718,0.050354609929078,0.9390069354229216,0.1056773161663425,0.4095238095238094,0.202532928064843,True,False,0.19,0.08284632034632033,0.09653518123667378,66,0.044756838905775066,0.21349909132728323,0.21052631578947367,0.8617021276595743,0.8169452887537995,47,0.6198305279292957,0.14565978442048644,True
google__logic7__gcn__seed123,google,logic7,gcn,123,ig,True,0.9700479813890368,66,47,0.72,0.0576241134751773,0.7399967108726914,0.2502119091449504,0.246901039185803,0.050354609929078,0.9390069354229216,0.1990102245502302,0.4960739614994934,0.1356889564336373,True,True,0.19,0.08284632034632033,0.09653518123667378,66,0.044756838905775066,0.21349909132728323,0.21052631578947367,0.8617021276595743,0.8169452887537995,47,0.5264976195454081,0.2743047179569793,True
google__logic7__gcn__seed2026,google,logic7,gcn,2026,gradinput,True,0.9699995153395046,66,47,0.93,0.0813829787234042,0.9546910462550436,0.190107325471754,0.1874794061935596,0.076418439716312,0.8983233285789827,-0.0563677176760609,0.4208713272543059,0.2333839918946302,True,False,0.19,0.08284632034632033,0.09653518123667378,66,0.044756838905775066,0.21349909132728323,0.21052631578947367,0.8617021276595743,0.8169452887537995,47,0.7411919549277604,-0.0823097586356945,True
google__logic7__gcn__seed2026,google,logic7,gcn,2026,ig,True,0.9699995153395046,66,47,0.6,0.0599797365754812,0.6218405892071917,0.2963698240293985,0.2912789859285479,0.076418439716312,0.8983233285789827,0.276482739371791,0.5380952380952381,0.1360435663627153,True,True,0.19,0.08284632034632033,0.09653518123667378,66,0.044756838905775066,0.21349909132728323,0.21052631578947367,0.8617021276595743,0.8169452887537995,47,0.4083414978799084,0.40372802878787845,True
google__logic7__gcn__seed42,google,logic7,gcn,42,gradinput,True,0.9671400184170988,66,47,0.71,0.0551418439716312,0.7323979266781626,0.252701618017638,0.2491342682305069,0.0973404255319149,0.8983233285789827,0.16592540190082,0.3055724417426545,0.1507598784194528,True,True,0.19,0.08284632034632033,0.09653518123667378,66,0.044756838905775066,0.21349909132728323,0.21052631578947367,0.8617021276595743,0.8169452887537995,47,0.5188988353508794,0.2422890325358564,True
google__logic7__gcn__seed42,google,logic7,gcn,42,ig,True,0.9671400184170988,66,47,0.56,0.0679331306990881,0.584373580750989,0.3117994298845363,0.3044657174976324,0.0973404255319149,0.8983233285789827,0.3139497478279937,0.3614488348530901,0.104128672745694,True,True,0.19,0.08284632034632033,0.09653518123667378,66,0.044756838905775066,0.21349909132728323,0.21052631578947367,0.8617021276595743,0.8169452887537995,47,0.37087448942370577,0.45843842952743646,True
google__logic7__gin__seed123,google,logic7,gin,123,gradinput,True,0.9707265060824892,66,47,0.96,0.0166666666666666,0.9948936170212764,0.1942988695551252,0.1936960326756925,0.050354609929078,0.9390069354229216,-0.0558866815983549,0.8187943262411348,0.5540526849037487,True,False,0.19,0.08284632034632033,0.09653518123667378,66,0.044756838905775066,0.21349909132728323,0.21052631578947367,0.8617021276595743,0.8169452887537995,47,0.7813945256939931,-0.07703111972279066,True
google__logic7__gin__seed123,google,logic7,gin,123,ig,True,0.9707265060824892,66,47,0.67,0.0622340425531914,0.6931680002888293,0.2663452682069703,0.2625378202662308,0.050354609929078,0.9390069354229216,0.2458389351340922,0.2250506585612968,0.1203900709219858,True,True,0.19,0.08284632034632033,0.09653518123667378,66,0.044756838905775066,0.21349909132728323,0.21052631578947367,0.8617021276595743,0.8169452887537995,47,0.47966890896154607,0.3388508299872842,True
google__logic7__gin__seed2026,google,logic7,gin,2026,gradinput,True,0.9703145446614646,66,47,0.89,0.1067629179331307,0.9117734745948356,0.1949044262389677,0.1917775759447127,0.076418439716312,0.8983233285789827,-0.013450146015853,0.6508358662613982,0.4284701114488349,False,False,0.19,0.08284632034632033,0.09653518123667378,66,0.044756838905775066,0.21349909132728323,0.21052631578947367,0.8617021276595743,0.8169452887537995,47,0.6982743832675524,-0.019640289119775233,True
google__logic7__gin__seed2026,google,logic7,gin,2026,ig,True,0.9703145446614646,66,47,0.92,0.0960992907801418,0.9480649064374144,0.1905303458598409,0.1882794534360421,0.076418439716312,0.8983233285789827,-0.0497415778584318,0.4118034447821681,0.2830293819655521,True,False,0.19,0.08284632034632033,0.09653518123667378,66,0.044756838905775066,0.21349909132728323,0.21052631578947367,0.8617021276595743,0.8169452887537995,47,0.7345658151101311,-0.07263407915883931,True
google__logic7__gin__seed42,google,logic7,gin,42,gradinput,True,0.9656375708815974,66,47,0.93,0.0727203647416413,0.9546910462550436,0.1909843366651146,0.1884220252936439,0.0973404255319149,0.8983233285789827,-0.0563677176760609,0.95177304964539,0.6971631205673758,True,False,0.19,0.08284632034632033,0.09653518123667378,66,0.044756838905775066,0.21349909132728323,0.21052631578947367,0.8617021276595743,0.8169452887537995,47,0.7411919549277604,-0.0823097586356945,True
google__logic7__gin__seed42,google,logic7,gin,42,ig,True,0.9656375708815974,66,47,0.74,0.091691995947315,0.7666275550759587,0.2326523265213075,0.2278632556685715,0.0973404255319149,0.8983233285789827,0.1316957735030239,0.4981509625126647,0.1711499493414386,True,True,0.19,0.08284632034632033,0.09653518123667378,66,0.044756838905775066,0.21349909132728323,0.21052631578947367,0.8617021276595743,0.8169452887537995,47,0.5531284637486755,0.19230594704349033,True
google__logic8__gcn__seed123,google,logic8,gcn,123,gradinput,True,0.7622837933894089,269,184,0.88,0.0950292913608131,0.9024191886597204,0.3067597209488362,0.2981807843754581,0.1005703384779471,0.9024191886597204,0.0,0.5644392292490118,0.330727500156848,True,False,0.27,0.0932908273056972,0.09664900942678722,269,0.09199153805132065,0.2909041702993742,0.2916666666666667,0.9117494824016563,0.8197579443503354,184,0.6115150183603462,0.0,True
google__logic8__gcn__seed123,google,logic8,gcn,123,ig,True,0.7622837933894089,269,184,0.84,0.0846281134324612,0.8602399673880892,0.3234493928423546,0.3137801346905504,0.1005703384779471,0.9024191886597204,0.0421792212716312,0.620212803500847,0.2763690868310434,True,False,0.27,0.0932908273056972,0.09664900942678722,269,0.09199153805132065,0.2909041702993742,0.2916666666666667,0.9117494824016563,0.8197579443503354,184,0.569335797088715,0.0689749556515002,True
google__logic8__gcn__seed2026,google,logic8,gcn,2026,gradinput,True,0.7670225684160645,269,184,0.89,0.0817811264822134,0.9154662190660858,0.3058428315912298,0.2981185568666109,0.103878262438045,0.9024191886597204,-0.0130470304063654,0.5914298262124349,0.2905665741263567,True,False,0.27,0.0932908273056972,0.09664900942678722,269,0.09199153805132065,0.2909041702993742,0.2916666666666667,0.9117494824016563,0.8197579443503354,184,0.6245620487667116,-0.021335584596676675,True
google__logic8__gcn__seed2026,google,logic8,gcn,2026,ig,True,0.7670225684160645,269,184,0.91,0.0917946938327373,0.9329327485320432,0.2983701742230031,0.2908402062775292,0.103878262438045,0.9024191886597204,-0.0305135598723227,0.6525366240040154,0.3981629179998745,True,False,0.27,0.0932908273056972,0.09664900942678722,269,0.09199153805132065,0.2909041702993742,0.2916666666666667,0.9117494824016563,0.8197579443503354,184,0.642028578232669,-0.049898300051793965,True
google__logic8__gcn__seed42,google,logic8,gcn,42,gradinput,True,0.773693875133278,269,184,0.91,0.081219806763285,0.9329327485320432,0.3017496749071508,0.2953173607787082,0.083308041596085,0.9154662190660858,-0.0174665294659572,0.5892688531275487,0.2988089356295877,True,False,0.27,0.0932908273056972,0.09664900942678722,269,0.09199153805132065,0.2909041702993742,0.2916666666666667,0.9117494824016563,0.8197579443503354,184,0.642028578232669,-0.027966043566764246,True
google__logic8__gcn__seed42,google,logic8,gcn,42,ig,True,0.773693875133278,269,184,0.96,0.0272541015747537,0.991304347826087,0.3006255786403412,0.2989498540026601,0.083308041596085,0.9154662190660858,-0.0758381287600011,0.6409592822636301,0.4075800708952882,True,False,0.27,0.0932908273056972,0.09664900942678722,269,0.09199153805132065,0.2909041702993742,0.2916666666666667,0.9117494824016563,0.8197579443503354,184,0.7004001775267128,-0.12142609194675624,True
google__logic8__gin__seed123,google,logic8,gin,123,gradinput,True,0.9480289657623504,269,184,0.95,0.0828098531902879,0.9635620995261828,0.2916067586052043,0.2850446181083185,0.1005703384779471,0.9024191886597204,-0.0611429108664624,0.8748974606311563,0.669110946420729,True,False,0.27,0.0932908273056972,0.09664900942678722,269,0.09199153805132065,0.2909041702993742,0.2916666666666667,0.9117494824016563,0.8197579443503354,184,0.6726579292268086,-0.09998595133510334,True
google__logic8__gin__seed123,google,logic8,gin,123,ig,True,0.9480289657623504,269,184,0.85,0.0939964473931865,0.8710699269022593,0.3171126144499075,0.307382702935878,0.1005703384779471,0.9024191886597204,0.0313492617574611,0.5852276648472301,0.3731940915364827,True,False,0.27,0.0932908273056972,0.09664900942678722,269,0.09199153805132065,0.2909041702993742,0.2916666666666667,0.9117494824016563,0.8197579443503354,184,0.580165756602885,0.05126490898215029,True
google__logic8__gin__seed2026,google,logic8,gin,2026,gradinput,True,0.9461852861035422,269,184,0.93,0.0625782279314888,0.9552677229464128,0.2993921829174449,0.2934756652199422,0.103878262438045,0.9024191886597204,-0.0528485342866925,0.780268327686806,0.5514122200263505,True,False,0.27,0.0932908273056972,0.09664900942678722,269,0.09199153805132065,0.2909041702993742,0.2916666666666667,0.9117494824016563,0.8197579443503354,184,0.6643635526470386,-0.08642229986173537,True
google__logic8__gin__seed2026,google,logic8,gin,2026,ig,True,0.9461852861035422,269,184,0.76,0.0872982542819499,0.7782340988395715,0.3563398464112725,0.3441797757999467,0.103878262438045,0.9024191886597204,0.1241850898201488,0.5627201753560449,0.2332260885250015,True,True,0.27,0.0932908273056972,0.09664900942678722,269,0.09199153805132065,0.2909041702993742,0.2916666666666667,0.9117494824016563,0.8197579443503354,184,0.4873299285401973,0.20307774313233723,True
google__logic8__gin__seed42,google,logic8,gin,42,gradinput,True,0.9017888875725626,269,184,0.91,0.076471626199887,0.9329327485320432,0.3024215984493477,0.2957819818793321,0.083308041596085,0.9154662190660858,-0.0174665294659572,0.8327904432523998,0.5025754438797917,True,False,0.27,0.0932908273056972,0.09664900942678722,269,0.09199153805132065,0.2909041702993742,0.2916666666666667,0.9117494824016563,0.8197579443503354,184,0.642028578232669,-0.027966043566764246,True
google__logic8__gin__seed42,google,logic8,gin,42,ig,True,0.9017888875725626,269,184,0.86,0.090565201706506,0.8816677529892157,0.3149575669148458,0.3060177022898028,0.083308041596085,0.9154662190660858,0.03379846607687,0.6873556998556999,0.4304402722880984,True,False,0.27,0.0932908273056972,0.09664900942678722,269,0.09199153805132065,0.2909041702993742,0.2916666666666667,0.9117494824016563,0.8197579443503354,184,0.5907635826898415,0.05411546561884455,True
